wls,pitcher,innings,pitches,at_bats,hits,homeruns,strikeouts,walks,hit_by_pitch,balks,runs,earned_runs,catcher,day_of_game,vs_team,starting,series
W,‘Ίγ θρχ,8.2,135,31,4,0,7,1,0,0,0,0,β–{,2025/03/28,L“‡,1,2025RS
S,βθ —D,0.1,6,1,0,0,1,0,0,0,0,0,β–{,2025/03/28,L“‡,0,2025RS
,•x“c @,4,64,16,5,0,3,0,0,0,1,1,β–{,2025/03/29,L“‡,1,2025RS
,H“΅ ‘Χ¬,0.2,29,6,1,0,1,3,0,0,1,1,β–{,2025/03/29,L“‡,0,2025RS
W,‹yμ ‰λ‹M,0.1,6,1,0,0,1,0,0,0,0,0,β–{,2025/03/29,L“‡,0,2025RS
H,Ξδ ‘ε’q,2,26,8,1,0,1,1,0,0,0,0,β–{,2025/03/29,L“‡,0,2025RS
H,ƒQƒ‰,1,12,4,1,0,1,0,0,0,0,0,β–{,2025/03/29,L“‡,0,2025RS
S,βθ —D,1,11,4,1,0,1,0,0,0,0,0,β–{,2025/03/29,L“‡,0,2025RS
L,–ε•Κ [l,4.1,111,22,8,0,1,3,0,0,2,2,”~–μ,2025/03/30,L“‡,1,2025RS
,Ξ• —C–ν,0.2,8,2,1,0,1,0,0,0,0,0,”~–μ,2025/03/30,L“‡,0,2025RS
,Ι΄ —Λl,2,27,7,1,0,2,0,0,0,0,0,”~–μ,2025/03/30,L“‡,0,2025RS
,‹yμ ‰λ‹M,1,13,4,1,0,1,0,0,0,0,0,”~–μ,2025/03/30,L“‡,0,2025RS
L,Λ–Ψ _l,5.2,95,27,7,1,7,3,0,0,4,4,β–{,2025/04/01,DeNA,1,2025RS
,Ι΄ —Λl,1.1,14,4,0,0,1,0,0,0,0,0,β–{,2025/04/01,DeNA,0,2025RS
,H“΅ ‘Χ¬,1,9,3,0,0,1,0,0,0,0,0,β–{,2025/04/01,DeNA,0,2025RS
,Ξ• —C–ν,1,23,7,4,0,0,0,0,0,3,3,β–{,2025/04/01,DeNA,0,2025RS
,ƒr[ƒYƒ[,5.1,87,23,8,0,4,0,0,0,3,3,”~–μ,2025/04/02,DeNA,1,2025RS
,‹Λ•~ ‘ρ”n,0.2,13,3,1,0,1,0,0,0,0,0,”~–μ,2025/04/02,DeNA,0,2025RS
H,‹yμ ‰λ‹M,1,10,3,0,0,0,0,0,0,0,0,”~–μ,2025/04/02,DeNA,0,2025RS
,ƒQƒ‰,1,27,8,4,0,1,1,0,0,3,3,”~–μ,2025/04/02,DeNA,0,2025RS
H,βθ —D,1,13,4,1,0,0,1,0,0,0,0,”~–μ,2025/04/02,DeNA,0,2025RS
H,Ξδ ‘ε’q,1,9,3,0,0,0,0,0,0,0,0,”~–μ,2025/04/02,DeNA,0,2025RS
H,Ι΄ —Λl,1,11,3,0,0,0,0,0,0,0,0,”~–μ,2025/04/02,DeNA,0,2025RS
,H“΅ ‘Χ¬,1,17,4,1,0,1,0,0,0,0,0,”~–μ,2025/04/02,DeNA,0,2025RS
,ƒfƒ…ƒvƒ‰ƒ“ƒeƒBƒG,6,82,21,3,0,8,0,0,0,1,1,Δ},2025/04/03,DeNA,1,2025RS
,‹yμ ‰λ‹M,1,18,4,0,0,1,1,0,1,0,0,Δ},2025/04/03,DeNA,0,2025RS
,‹Λ•~ ‘ρ”n,1,15,5,2,0,1,0,0,0,1,1,Δ},2025/04/03,DeNA,0,2025RS
L,ƒQƒ‰,0.1,18,4,2,0,0,1,0,0,3,3,Δ},2025/04/03,DeNA,0,2025RS
,Ι“΅ «i,0.2,6,2,0,0,0,0,0,0,0,0,Δ},2025/04/03,DeNA,0,2025RS
W,‘Ίγ θρχ,7,88,26,5,0,6,0,0,0,1,1,β–{,2025/04/04,‹l,1,2025RS
,Ι΄ —Λl,1,14,3,0,0,1,0,0,0,0,0,β–{,2025/04/04,‹l,0,2025RS
,Ξδ ‘ε’q,1,21,5,1,0,2,1,0,0,1,1,β–{,2025/04/04,‹l,0,2025RS
W,•x“c @,5,68,17,3,0,1,0,0,0,1,1,β–{,2025/04/05,‹l,1,2025RS
H,‹yμ ‰λ‹M,1,12,3,0,0,0,0,0,0,0,0,β–{,2025/04/05,‹l,0,2025RS
H,Ξδ ‘ε’q,1,13,3,1,0,0,0,0,0,0,0,β–{,2025/04/05,‹l,0,2025RS
H,‹Λ•~ ‘ρ”n,1,18,4,0,0,3,0,1,0,0,0,β–{,2025/04/05,‹l,0,2025RS
S,βθ —D,1,11,5,2,1,0,0,0,0,2,2,β–{,2025/04/05,‹l,0,2025RS
W,–ε•Κ [l,5.2,83,22,5,0,4,1,0,0,0,0,”~–μ,2025/04/06,‹l,1,2025RS
H,H“΅ ‘Χ¬,0.1,5,1,0,0,1,0,0,0,0,0,”~–μ,2025/04/06,‹l,0,2025RS
H,Ξδ ‘ε’q,1,14,4,1,0,1,0,0,0,0,0,”~–μ,2025/04/06,‹l,0,2025RS
H,‹Λ•~ ‘ρ”n,1,7,3,0,0,1,0,0,0,0,0,β–{,2025/04/06,‹l,0,2025RS
S,βθ —D,1,10,3,0,0,0,0,0,0,0,0,β–{,2025/04/06,‹l,0,2025RS
,Λ–Ψ _l,7,89,25,3,0,5,2,0,0,0,0,”~–μ,2025/04/08,ƒ„ƒNƒ‹ƒg,1,2025RS
L,Λ–Ψ _l,1,27,6,2,0,1,1,0,0,1,1,β–{,2025/04/08,ƒ„ƒNƒ‹ƒg,0,2025RS
,½΄ ‘εξ,1,13,3,0,0,2,0,0,0,0,0,β–{,2025/04/08,ƒ„ƒNƒ‹ƒg,0,2025RS
,ƒr[ƒYƒ[,5.0,100,20,4,0,5,2,0,0,2,2,”~–μ,2025/04/09,ƒ„ƒNƒ‹ƒg,1,2025RS
L,H“΅ ‘Χ¬,0.1,14,3,0,0,0,2,0,0,2,1,”~–μ,2025/04/09,ƒ„ƒNƒ‹ƒg,0,2025RS
,‹yμ ‰λ‹M,0.2,14,4,1,0,1,0,0,0,1,0,”~–μ,2025/04/09,ƒ„ƒNƒ‹ƒg,0,2025RS
,Ι΄ —Λl,1,11,3,0,0,0,1,0,0,0,0,”~–μ,2025/04/09,ƒ„ƒNƒ‹ƒg,0,2025RS
,‰—― ‰p‹M,2,32,7,1,0,0,0,0,0,0,0,”~–μ,2025/04/09,ƒ„ƒNƒ‹ƒg,0,2025RS
W,‘Ίγ θρχ,5,86,21,4,1,6,1,1,0,3,3,β–{,2025/04/11,’†“ϊ,1,2025RS
H,‹yμ ‰λ‹M,1,15,3,0,0,3,0,0,0,0,0,β–{,2025/04/11,’†“ϊ,0,2025RS
H,‹Λ•~ ‘ρ”n,1,19,5,2,0,0,0,0,0,0,0,β–{,2025/04/11,’†“ϊ,0,2025RS
H,Ξδ ‘ε’q,1,10,3,0,0,3,0,0,0,0,0,β–{,2025/04/11,’†“ϊ,0,2025RS
S,βθ —D,1,12,4,1,0,0,0,0,0,0,0,β–{,2025/04/11,’†“ϊ,0,2025RS
L,Ό —E‹P,4.2,78,23,7,0,2,2,0,0,3,3,β–{,2025/04/12,’†“ϊ,1,2025RS
,½΄ ‘εξ,0.1,3,1,0,0,0,0,0,0,0,0,β–{,2025/04/12,’†“ϊ,0,2025RS
,Ι΄ —Λl,2,32,8,1,0,2,1,0,0,0,0,β–{,2025/04/12,’†“ϊ,0,2025RS
,‰—― ‰p‹M,1,15,3,0,0,0,0,0,0,0,0,β–{,2025/04/12,’†“ϊ,0,2025RS
,H“΅ ‘Χ¬,1,19,4,0,0,1,2,0,0,0,0,β–{,2025/04/12,’†“ϊ,0,2025RS
W,Λ–Ψ _l,7,100,25,2,0,5,1,0,0,0,0,”~–μ,2025/04/15,ƒ„ƒNƒ‹ƒg,1,2025RS
,Ξδ ‘ε’q,1,16,3,0,0,1,0,0,0,0,0,”~–μ,2025/04/15,ƒ„ƒNƒ‹ƒg,0,2025RS
,‹Λ•~ ‘ρ”n,0.1,13,4,2,0,0,0,0,0,1,0,”~–μ,2025/04/15,ƒ„ƒNƒ‹ƒg,0,2025RS
S,βθ —D,0.2,6,2,0,0,0,0,0,0,0,0,”~–μ,2025/04/15,ƒ„ƒNƒ‹ƒg,0,2025RS
,ƒr[ƒYƒ[,4,66,18,5,0,3,2,0,0,3,3,”~–μ,2025/04/17,ƒ„ƒNƒ‹ƒg,1,2025RS
,–ε•Κ [l,2,28,6,0,0,3,0,0,0,0,0,”~–μ,2025/04/17,ƒ„ƒNƒ‹ƒg,0,2025RS
,ƒQƒ‰,0.2,17,4,0,0,1,2,0,0,0,0,”~–μ,2025/04/17,ƒ„ƒNƒ‹ƒg,0,2025RS
,β’ε —S‘Ύ,0.1,3,1,0,0,0,0,0,0,0,0,”~–μ,2025/04/17,ƒ„ƒNƒ‹ƒg,0,2025RS
H,Ξδ ‘ε’q,1,26,6,2,0,2,1,0,0,0,0,”~–μ,2025/04/17,ƒ„ƒNƒ‹ƒg,0,2025RS
,βθ —D,1,28,6,2,0,2,0,0,0,2,1,”~–μ,2025/04/17,ƒ„ƒNƒ‹ƒg,0,2025RS
W,‹yμ ‰λ‹M,2,21,6,0,0,3,0,0,0,0,0,β–{,2025/04/17,ƒ„ƒNƒ‹ƒg,0,2025RS
L,‘Ίγ θρχ,4,102,22,7,0,2,3,0,1,5,5,β–{,2025/04/18,L“‡,1,2025RS
,“‡–{ _–η,1,15,3,0,0,1,0,0,0,0,0,β–{,2025/04/18,L“‡,0,2025RS
,½΄ ‘εξ,2,33,6,0,0,2,0,0,0,0,0,β–{,2025/04/18,L“‡,0,2025RS
,‰—― ‰p‹M,1,15,5,1,0,1,1,0,0,0,0,β–{,2025/04/18,L“‡,0,2025RS
,β’ε —S‘Ύ,1,20,5,1,0,0,1,0,0,0,0,β–{,2025/04/18,L“‡,0,2025RS
L,ƒfƒ…ƒvƒ‰ƒ“ƒeƒBƒG,5,97,23,4,0,8,3,0,0,3,0,β–{,2025/04/19,L“‡,1,2025RS
,½΄ ‘εξ,1,16,4,1,0,1,0,0,0,0,0,β–{,2025/04/19,L“‡,0,2025RS
,‹Λ•~ ‘ρ”n,1,13,3,0,0,0,0,0,0,0,0,β–{,2025/04/19,L“‡,0,2025RS
,ƒQƒ‰,1,18,4,0,0,0,1,0,0,0,0,β–{,2025/04/19,L“‡,0,2025RS
,“‡–{ _–η,1,11,4,1,0,1,0,0,0,0,0,β–{,2025/04/19,L“‡,0,2025RS
W,Ι΄ —Λl,5,75,19,4,0,5,0,0,0,0,0,β–{,2025/04/20,L“‡,1,2025RS
,‹yμ ‰λ‹M,1,9,3,0,0,1,0,0,0,0,0,β–{,2025/04/20,L“‡,0,2025RS
,ƒQƒ‰,0.2,15,5,3,0,1,0,0,0,1,1,β–{,2025/04/20,L“‡,0,2025RS
,‹Λ•~ ‘ρ”n,1.1,22,4,0,0,2,0,0,0,0,0,β–{,2025/04/20,L“‡,0,2025RS
,‰—― ‰p‹M,1,11,4,1,0,0,0,0,0,0,0,”~–μ,2025/04/20,L“‡,0,2025RS
W,Λ–Ψ _l,6.2,115,30,5,0,6,5,0,0,2,2,”~–μ,2025/04/22,DeNA,1,2025RS
H,‹yμ ‰λ‹M,0.1,5,2,1,0,0,0,0,0,0,0,”~–μ,2025/04/22,DeNA,0,2025RS
H,Ξδ ‘ε’q,1,16,3,0,0,0,0,0,0,0,0,”~–μ,2025/04/22,DeNA,0,2025RS
S,βθ —D,1,18,3,0,0,2,0,0,0,0,0,”~–μ,2025/04/22,DeNA,0,2025RS
,–ε•Κ [l,5.1,86,21,3,0,2,3,1,0,2,2,”~–μ,2025/04/23,DeNA,1,2025RS
,‹Λ•~ ‘ρ”n,0.2,10,3,1,0,2,0,0,0,0,0,”~–μ,2025/04/23,DeNA,0,2025RS
H,‹yμ ‰λ‹M,1,15,3,0,0,1,1,0,0,0,0,”~–μ,2025/04/23,DeNA,0,2025RS
H,Ξδ ‘ε’q,1,9,3,0,0,1,0,0,0,0,0,”~–μ,2025/04/23,DeNA,0,2025RS
W,“‡–{ _–η,1,16,4,0,0,1,0,1,0,0,0,”~–μ,2025/04/23,DeNA,0,2025RS
S,βθ —D,1,17,4,1,0,2,0,0,0,0,0,”~–μ,2025/04/23,DeNA,0,2025RS
,•x“c @,5,78,22,7,0,3,0,0,0,2,2,β–{,2025/04/24,DeNA,1,2025RS
W,β’ε —S‘Ύ,1,22,5,1,0,1,1,0,0,0,0,β–{,2025/04/24,DeNA,0,2025RS
H,½΄ ‘εξ,1,12,3,1,0,1,0,0,0,0,0,β–{,2025/04/24,DeNA,0,2025RS
H,‹yμ ‰λ‹M,1,13,3,0,0,1,0,0,0,0,0,β–{,2025/04/24,DeNA,0,2025RS
S,‹Λ•~ ‘ρ”n,1,22,5,2,0,0,0,0,0,0,0,β–{,2025/04/24,DeNA,0,2025RS
W,‘Ίγ θρχ,8,111,30,6,0,6,0,0,0,1,1,β–{,2025/04/25,‹l,1,2025RS
S,βθ —D,1,15,4,1,0,1,0,0,0,0,0,β–{,2025/04/25,‹l,0,2025RS
,ƒfƒ…ƒvƒ‰ƒ“ƒeƒBƒG,5,88,21,4,0,9,0,1,0,2,2,β–{,2025/04/26,‹l,1,2025RS
H,‰—― ‰p‹M,0.2,10,3,0,0,0,1,0,0,0,0,β–{,2025/04/26,‹l,0,2025RS
H,“‡–{ _–η,1.1,16,4,0,0,2,0,0,0,0,0,β–{,2025/04/26,‹l,0,2025RS
W,‹yμ ‰λ‹M,1,25,6,2,0,1,1,0,0,0,0,β–{,2025/04/26,‹l,0,2025RS
,Ξδ ‘ε’q,1,11,3,0,0,1,0,0,0,0,0,β–{,2025/04/26,‹l,0,2025RS
,Ι΄ —Λl,6,93,24,4,0,5,2,0,0,1,1,β–{,2025/04/27,‹l,1,2025RS
H,β’ε —S‘Ύ,1,17,4,1,0,1,0,0,0,0,0,β–{,2025/04/27,‹l,0,2025RS
H,‹Λ•~ ‘ρ”n,1,18,4,2,0,0,0,0,0,0,0,β–{,2025/04/27,‹l,0,2025RS
L,βθ —D,1,13,5,2,0,0,0,0,0,1,1,β–{,2025/04/27,‹l,0,2025RS
L,Λ–Ψ _l,6,89,25,6,1,6,2,0,0,4,4,”~–μ,2025/04/29,’†“ϊ,1,2025RS
,“’σ ‹Θ,1,13,4,1,0,0,0,0,0,0,0,”~–μ,2025/04/29,’†“ϊ,0,2025RS
,½΄ ‘εξ,1,21,4,0,0,1,1,0,0,0,0,”~–μ,2025/04/29,’†“ϊ,0,2025RS
,–ε•Κ [l,5.2,100,23,4,1,6,2,1,0,4,4,β–{,2025/04/30,’†“ϊ,1,2025RS
,‰—― ‰p‹M,0.0,6,1,0,0,0,1,0,0,0,0,β–{,2025/04/30,’†“ϊ,0,2025RS
,“‡–{ _–η,0.1,4,1,1,0,0,0,0,0,0,0,β–{,2025/04/30,’†“ϊ,0,2025RS
H,‹yμ ‰λ‹M,2,20,7,1,0,1,0,0,0,0,0,β–{,2025/04/30,’†“ϊ,0,2025RS
H,‹Λ•~ ‘ρ”n,1,14,6,1,0,0,2,0,0,0,0,β–{,2025/04/30,’†“ϊ,0,2025RS
H,“’σ ‹Θ,1,28,3,0,0,1,1,0,0,0,0,β–{,2025/04/30,’†“ϊ,0,2025RS
L,ƒr[ƒYƒ[,0.2,14,4,1,0,0,1,0,0,1,0,β–{,2025/04/30,’†“ϊ,0,2025RS
L,‘ε’| k‘ΎY,5,87,22,6,0,4,1,1,0,3,3,β–{,2025/05/01,’†“ϊ,1,2025RS
,½΄ ‘εξ,2,25,7,1,0,1,1,0,0,0,0,β–{,2025/05/01,’†“ϊ,0,2025RS
,“‡–{ _–η,1,10,4,1,0,0,0,0,0,0,0,β–{,2025/05/01,’†“ϊ,0,2025RS
W,‘Ίγ θρχ,9,122,31,5,0,7,0,0,0,0,0,β–{,2025/05/02,ƒ„ƒNƒ‹ƒg,1,2025RS
W,ƒfƒ…ƒvƒ‰ƒ“ƒeƒBƒG,6,92,23,4,0,3,1,0,0,0,0,β–{,2025/05/03,ƒ„ƒNƒ‹ƒg,1,2025RS
,“’σ ‹Θ,1,15,4,1,0,0,0,0,0,0,0,β–{,2025/05/03,ƒ„ƒNƒ‹ƒg,0,2025RS
,β’ε —S‘Ύ,1,26,6,2,0,0,1,0,0,1,1,β–{,2025/05/03,ƒ„ƒNƒ‹ƒg,0,2025RS
,H“΅ ‘Χ¬,1,14,4,1,0,2,0,0,0,0,0,β–{,2025/05/03,ƒ„ƒNƒ‹ƒg,0,2025RS
L,Ι΄ —Λl,6.1,100,27,7,0,3,2,0,0,4,4,β–{,2025/05/04,ƒ„ƒNƒ‹ƒg,1,2025RS
,½΄ ‘εξ,0.2,22,4,2,0,1,0,0,0,0,0,β–{,2025/05/04,ƒ„ƒNƒ‹ƒg,0,2025RS
,H“΅ ‘Χ¬,1,15,5,2,0,0,1,0,0,0,0,”~–μ,2025/05/04,ƒ„ƒNƒ‹ƒg,0,2025RS
,“‡–{ _–η,1,16,6,2,0,0,1,0,0,1,1,”~–μ,2025/05/04,ƒ„ƒNƒ‹ƒg,0,2025RS
,•x“c @,3,42,12,3,0,1,1,0,0,1,1,β–{,2025/05/05,‹l,1,2025RS
W,ƒr[ƒYƒ[,3,43,10,0,0,3,1,0,0,0,0,”~–μ,2025/05/05,‹l,0,2025RS
,‹yμ ‰λ‹M,1,9,3,0,0,1,0,0,0,0,0,”~–μ,2025/05/05,‹l,0,2025RS
,“’σ ‹Θ,1,11,3,0,0,0,1,0,0,0,0,”~–μ,2025/05/05,‹l,0,2025RS
,½΄ ‘εξ,1,13,3,0,0,0,0,0,0,0,0,”~–μ,2025/05/05,‹l,0,2025RS
W,Λ–Ψ _l,5,102,22,4,0,5,3,0,0,0,0,”~–μ,2025/05/06,‹l,1,2025RS
,Ξ• —C–ν,1,16,4,1,1,0,0,0,0,1,1,”~–μ,2025/05/06,‹l,0,2025RS
,‹Λ•~ ‘ρ”n,1,22,5,2,0,0,0,0,0,0,0,”~–μ,2025/05/06,‹l,0,2025RS
,“‡–{ _–η,1,10,3,1,0,0,0,0,0,0,0,”~–μ,2025/05/06,‹l,0,2025RS
,βθ —D,1,10,3,1,0,1,0,0,0,0,0,”~–μ,2025/05/06,‹l,0,2025RS
L,–ε•Κ [l,3.2,76,19,6,1,3,2,0,0,6,6,”~–μ,2025/05/07,‹l,1,2025RS
,Ξ• —C–ν,1.1,23,6,1,0,1,1,0,0,0,0,”~–μ,2025/05/07,‹l,0,2025RS
,“’σ ‹Θ,1,15,4,1,0,1,0,0,0,0,0,”~–μ,2025/05/07,‹l,0,2025RS
,‹Λ•~ ‘ρ”n,1,14,4,1,0,1,0,0,0,0,0,”~–μ,2025/05/07,‹l,0,2025RS
,H“΅ ‘Χ¬,1,13,3,0,0,2,0,0,0,0,0,”~–μ,2025/05/07,‹l,0,2025RS
W,‘Ίγ θρχ,9,98,31,7,0,5,0,0,0,0,0,β–{,2025/05/10,’†“ϊ,1,2025RS
W,Ι΄ —Λl,5.2,66,21,4,0,2,0,0,0,0,0,β–{,2025/05/11,’†“ϊ,1,2025RS
H,“’σ ‹Θ,0.1,8,2,0,0,0,1,0,0,0,0,β–{,2025/05/11,’†“ϊ,0,2025RS
H,‹yμ ‰λ‹M,1,16,3,0,0,1,0,0,0,0,0,β–{,2025/05/11,’†“ϊ,0,2025RS
H,Ξδ ‘ε’q,1,14,4,1,0,0,0,0,0,0,0,β–{,2025/05/11,’†“ϊ,0,2025RS
S,βθ —D,1,9,4,1,0,1,0,0,0,0,0,β–{,2025/05/11,’†“ϊ,0,2025RS
,Λ–Ψ _l,7,113,28,4,0,2,3,0,0,1,1,”~–μ,2025/05/13,DeNA,1,2025RS
,‹Λ•~ ‘ρ”n,1,11,3,0,0,1,0,0,0,0,0,”~–μ,2025/05/13,DeNA,0,2025RS
H,Ξδ ‘ε’q,1,18,4,1,0,1,0,0,0,0,0,”~–μ,2025/05/13,DeNA,0,2025RS
H,‹yμ ‰λ‹M,1,16,4,1,0,0,1,0,0,0,0,”~–μ,2025/05/13,DeNA,0,2025RS
H,βθ —D,1,9,3,0,0,0,0,0,0,0,0,”~–μ,2025/05/13,DeNA,0,2025RS
,“’σ ‹Θ,1,14,4,1,0,1,0,0,0,0,0,”~–μ,2025/05/13,DeNA,0,2025RS
,ƒfƒ…ƒvƒ‰ƒ“ƒeƒBƒG,5,83,18,2,0,7,1,0,0,0,0,β–{,2025/05/15,DeNA,1,2025RS
H,‹Λ•~ ‘ρ”n,1,8,3,1,0,1,0,0,0,0,0,β–{,2025/05/15,DeNA,0,2025RS
H,Ξδ ‘ε’q,1,19,3,0,0,0,0,0,0,0,0,β–{,2025/05/15,DeNA,0,2025RS
L,‹yμ ‰λ‹M,1,22,6,2,0,0,1,0,0,1,1,β–{,2025/05/15,DeNA,0,2025RS
,‘Ίγ θρχ,7,91,26,5,1,4,0,0,0,2,2,β–{,2025/05/16,L“‡,1,2025RS
H,‹Λ•~ ‘ρ”n,1,19,4,1,0,2,0,0,0,0,0,β–{,2025/05/16,L“‡,0,2025RS
L,βθ —D,0.2,23,5,2,0,1,1,0,0,2,1,β–{,2025/05/16,L“‡,0,2025RS
,H“΅ ‘Χ¬,0.1,1,1,0,0,0,0,0,0,0,0,β–{,2025/05/16,L“‡,0,2025RS
W,‘ε’| k‘ΎY,7.1,89,25,4,1,4,0,0,0,2,2,β–{,2025/05/17,L“‡,1,2025RS
H,Ξδ ‘ε’q,0.2,6,2,0,0,0,0,0,0,0,0,β–{,2025/05/17,L“‡,0,2025RS
S,βθ —D,1,15,4,1,0,1,0,0,0,0,0,β–{,2025/05/17,L“‡,0,2025RS
W,Ι΄ —Λl,6,79,21,4,0,4,0,0,0,1,1,β–{,2025/05/18,L“‡,1,2025RS
H,“’σ ‹Θ,1,13,3,0,0,1,0,0,0,0,0,β–{,2025/05/18,L“‡,0,2025RS
H,‹Λ•~ ‘ρ”n,1,18,4,0,0,1,0,0,0,0,0,β–{,2025/05/18,L“‡,0,2025RS
S,Ξδ ‘ε’q,1,15,3,0,0,1,0,0,0,0,0,β–{,2025/05/18,L“‡,0,2025RS
W,Λ–Ψ _l,9,129,34,5,0,6,2,0,0,0,0,”~–μ,2025/05/20,‹l,1,2025RS
L,ƒr[ƒYƒ[,3.0,61,17,6,0,4,2,0,0,2,2,”~–μ,2025/05/21,‹l,1,2025RS
,•x“c @,2,46,10,4,0,0,1,0,0,2,2,”~–μ,2025/05/21,‹l,0,2025RS
,H“΅ ‘Χ¬,2,44,9,2,0,1,1,0,0,1,1,”~–μ,2025/05/21,‹l,0,2025RS
,ƒlƒ‹ƒ\ƒ“,1,24,5,0,0,0,2,0,0,0,0,”~–μ,2025/05/21,‹l,0,2025RS
,‹yμ ‰λ‹M,1,19,4,0,0,3,0,0,0,0,0,β–{,2025/05/21,‹l,0,2025RS
,ƒfƒ…ƒvƒ‰ƒ“ƒeƒBƒG,6,99,26,6,0,9,1,1,0,1,1,β–{,2025/05/22,‹l,1,2025RS
,‹yμ ‰λ‹M,1,25,7,3,1,3,1,0,0,1,1,β–{,2025/05/22,‹l,0,2025RS
H,Ξδ ‘ε’q,1,7,3,0,0,0,0,0,0,0,0,β–{,2025/05/22,‹l,0,2025RS
H,βθ —D,1,14,3,0,0,1,0,0,0,0,0,β–{,2025/05/22,‹l,0,2025RS
H,“’σ ‹Θ,1,19,4,1,0,1,0,0,0,0,0,β–{,2025/05/22,‹l,0,2025RS
L,ƒlƒ‹ƒ\ƒ“,0.2,16,4,2,0,0,0,0,0,1,1,β–{,2025/05/22,‹l,0,2025RS
,β’ε —S‘Ύ,0.1,2,1,0,0,0,0,0,0,0,0,β–{,2025/05/22,‹l,0,2025RS
,‘Ίγ θρχ,7,110,27,6,0,5,1,0,0,0,0,β–{,2025/05/23,’†“ϊ,1,2025RS
H,Ξδ ‘ε’q,2,24,8,1,0,2,1,0,0,0,0,”~–μ,2025/05/23,’†“ϊ,0,2025RS
W,“’σ ‹Θ,1,18,5,1,0,2,1,0,0,0,0,”~–μ,2025/05/23,’†“ϊ,0,2025RS
S,βθ —D,1,10,3,0,0,0,0,0,0,0,0,”~–μ,2025/05/23,’†“ϊ,0,2025RS
,‘ε’| k‘ΎY,5,93,22,7,0,2,0,0,0,3,3,β–{,2025/05/24,’†“ϊ,1,2025RS
H,β’ε —S‘Ύ,2,24,6,0,0,2,0,0,0,0,0,β–{,2025/05/24,’†“ϊ,0,2025RS
L,H“΅ ‘Χ¬,1,28,6,2,0,1,1,0,0,2,2,β–{,2025/05/24,’†“ϊ,0,2025RS
,Ι΄ —Λl,6,86,23,4,0,4,1,0,0,1,0,β–{,2025/05/25,’†“ϊ,1,2025RS
W,“’σ ‹Θ,2,24,8,1,0,2,1,0,0,0,0,β–{,2025/05/25,’†“ϊ,0,2025RS
,βθ —D,1,12,4,1,0,0,0,0,0,0,0,β–{,2025/05/25,’†“ϊ,0,2025RS
,Λ–Ψ _l,6.1,117,29,6,0,5,4,0,0,0,0,”~–μ,2025/05/27,DeNA,1,2025RS
H,‹yμ ‰λ‹M,0.2,9,2,0,0,2,0,0,0,0,0,”~–μ,2025/05/27,DeNA,0,2025RS
H,Ξδ ‘ε’q,1,13,3,0,0,2,0,0,0,0,0,”~–μ,2025/05/27,DeNA,0,2025RS
H,βθ —D,1,14,3,0,0,2,0,0,0,0,0,”~–μ,2025/05/27,DeNA,0,2025RS
H,“’σ ‹Θ,1,8,3,0,0,1,0,0,0,0,0,”~–μ,2025/05/27,DeNA,0,2025RS
W,β’ε —S‘Ύ,1,14,3,0,0,0,0,0,0,0,0,”~–μ,2025/05/27,DeNA,0,2025RS
W,–ε•Κ [l,5,89,24,8,0,3,2,0,0,0,0,”~–μ,2025/05/28,DeNA,1,2025RS
H,ƒlƒ‹ƒ\ƒ“,1,18,5,1,0,0,1,0,0,0,0,”~–μ,2025/05/28,DeNA,0,2025RS
H,Ξδ ‘ε’q,1,8,3,1,0,0,0,0,0,0,0,”~–μ,2025/05/28,DeNA,0,2025RS
H,‹yμ ‰λ‹M,1,14,5,1,0,0,1,0,0,0,0,”~–μ,2025/05/28,DeNA,0,2025RS
S,βθ —D,1,9,3,0,0,0,0,0,0,0,0,”~–μ,2025/05/28,DeNA,0,2025RS
L,ƒfƒ…ƒvƒ‰ƒ“ƒeƒBƒG,7,99,27,5,1,6,2,0,0,4,4,β–{,2025/05/29,DeNA,1,2025RS
,H“΅ ‘Χ¬,1,14,3,0,0,1,0,0,0,0,0,β–{,2025/05/29,DeNA,0,2025RS
,–Ψ‰Ί —Ά“s,1,12,4,1,0,1,0,0,0,1,1,β–{,2025/05/29,DeNA,0,2025RS
W,‘Ίγ θρχ,7,113,25,3,0,7,1,0,0,1,1,β–{,2025/05/30,L“‡,1,2025RS
H,Ξδ ‘ε’q,1,17,3,0,0,0,0,0,0,0,0,β–{,2025/05/30,L“‡,0,2025RS
,βθ —D,1,25,6,2,0,1,1,0,0,1,1,β–{,2025/05/30,L“‡,0,2025RS
W,‘ε’| k‘ΎY,7.1,90,27,4,0,3,1,0,0,0,0,β–{,2025/05/31,L“‡,1,2025RS
H,“’σ ‹Θ,0.2,9,2,0,0,0,0,0,0,0,0,β–{,2025/05/31,L“‡,0,2025RS
S,Ξδ ‘ε’q,1,16,4,1,0,0,0,0,0,0,0,β–{,2025/05/31,L“‡,0,2025RS
W,Ι΄ —Λl,6.1,100,24,3,0,5,1,0,0,0,0,β–{,2025/06/01,L“‡,1,2025RS
H,“’σ ‹Θ,0.2,19,3,0,0,1,1,0,0,0,0,β–{,2025/06/01,L“‡,0,2025RS
,‹yμ ‰λ‹M,1,12,3,0,0,1,0,0,0,0,0,β–{,2025/06/01,L“‡,0,2025RS
,ƒlƒ‹ƒ\ƒ“,1,14,4,1,0,1,0,0,0,0,0,Δ},2025/06/01,L“‡,0,2025RS
W,Λ–Ψ _l,8,99,30,4,0,5,2,0,0,0,0,”~–μ,2025/06/03,“ϊ–{ƒnƒ€,1,2025RS
S,Ξδ ‘ε’q,1,15,4,0,0,1,0,0,0,0,0,”~–μ,2025/06/03,“ϊ–{ƒnƒ€,0,2025RS
L,–ε•Κ [l,4,64,19,8,2,2,0,0,0,4,4,”~–μ,2025/06/04,“ϊ–{ƒnƒ€,1,2025RS
,H“΅ ‘Χ¬,2,31,10,2,0,0,2,0,0,1,1,”~–μ,2025/06/04,“ϊ–{ƒnƒ€,0,2025RS
,ƒlƒ‹ƒ\ƒ“,1,24,5,2,0,2,0,0,0,0,0,”~–μ,2025/06/04,“ϊ–{ƒnƒ€,0,2025RS
,‹Λ•~ ‘ρ”n,1,12,3,0,0,1,0,0,0,0,0,”~–μ,2025/06/04,“ϊ–{ƒnƒ€,0,2025RS
W,ƒfƒ…ƒvƒ‰ƒ“ƒeƒBƒG,6.2,112,23,2,0,12,1,0,0,0,0,β–{,2025/06/05,“ϊ–{ƒnƒ€,1,2025RS
,“’σ ‹Θ,0.1,5,1,0,0,0,0,0,0,0,0,β–{,2025/06/05,“ϊ–{ƒnƒ€,0,2025RS
,‰—― ‰p‹M,1,15,5,2,0,0,0,0,0,1,1,β–{,2025/06/05,“ϊ–{ƒnƒ€,0,2025RS
,Ξ• —C–ν,1,14,3,0,0,3,0,0,0,0,0,β–{,2025/06/05,“ϊ–{ƒnƒ€,0,2025RS
,‘Ίγ θρχ,8,109,27,2,0,6,2,0,0,0,0,β–{,2025/06/06,ƒIƒƒbƒNƒX,1,2025RS
,Ξδ ‘ε’q,0.0,2,1,1,0,0,0,0,0,0,0,β–{,2025/06/06,ƒIƒƒbƒNƒX,0,2025RS
H,“’σ ‹Θ,1,8,2,0,0,0,0,0,0,0,0,β–{,2025/06/06,ƒIƒƒbƒNƒX,0,2025RS
W,‹Λ•~ ‘ρ”n,1,19,5,1,0,0,1,0,0,0,0,β–{,2025/06/06,ƒIƒƒbƒNƒX,0,2025RS
,‘ε’| k‘ΎY,5.1,75,24,7,1,3,0,2,0,2,2,β–{,2025/06/07,ƒIƒƒbƒNƒX,1,2025RS
W,‰—― ‰p‹M,0.2,9,3,1,0,0,0,0,0,0,0,β–{,2025/06/07,ƒIƒƒbƒNƒX,0,2025RS
H,“’σ ‹Θ,0.2,20,3,0,0,2,1,0,0,0,0,β–{,2025/06/07,ƒIƒƒbƒNƒX,0,2025RS
H,‹yμ ‰λ‹M,0.1,7,1,0,0,1,0,0,0,0,0,β–{,2025/06/07,ƒIƒƒbƒNƒX,0,2025RS
H,‹Λ•~ ‘ρ”n,1,18,4,1,0,0,0,0,0,0,0,β–{,2025/06/07,ƒIƒƒbƒNƒX,0,2025RS
,Ξ• —C–ν,1,12,4,1,0,0,0,0,0,0,0,β–{,2025/06/07,ƒIƒƒbƒNƒX,0,2025RS
W,Ι΄ —Λl,5,80,20,6,0,2,0,0,0,1,0,β–{,2025/06/08,ƒIƒƒbƒNƒX,1,2025RS
H,Ξ• —C–ν,1,16,4,0,0,1,1,0,0,0,0,β–{,2025/06/08,ƒIƒƒbƒNƒX,0,2025RS
H,ƒlƒ‹ƒ\ƒ“,1,10,3,0,0,1,0,0,0,0,0,β–{,2025/06/08,ƒIƒƒbƒNƒX,0,2025RS
H,‹yμ ‰λ‹M,1,17,4,0,0,1,0,0,0,0,0,β–{,2025/06/08,ƒIƒƒbƒNƒX,0,2025RS
,β’ε —S‘Ύ,1,15,3,0,0,0,0,0,0,0,0,β–{,2025/06/08,ƒIƒƒbƒNƒX,0,2025RS
,Λ–Ψ _l,6,94,24,4,0,5,2,0,0,0,0,”~–μ,2025/06/10,Ό•,1,2025RS
H,‹yμ ‰λ‹M,1,12,3,0,0,0,0,0,0,0,0,”~–μ,2025/06/10,Ό•,0,2025RS
L,‹Λ•~ ‘ρ”n,0.1,23,7,5,0,0,1,0,0,4,4,”~–μ,2025/06/10,Ό•,0,2025RS
,½΄ ‘εξ,0.2,8,2,0,0,0,0,0,0,0,0,”~–μ,2025/06/10,Ό•,0,2025RS
,Ι“΅ «i,7.2,105,27,4,0,3,1,0,0,0,0,β–{,2025/06/11,Ό•,1,2025RS
H,‹yμ ‰λ‹M,0.1,5,1,0,0,0,0,0,0,0,0,β–{,2025/06/11,Ό•,0,2025RS
L,“’σ ‹Θ,0.1,16,4,1,0,1,1,1,0,3,3,β–{,2025/06/11,Ό•,0,2025RS
,βθ —D,0.1,13,4,2,0,1,1,0,0,0,0,β–{,2025/06/11,Ό•,0,2025RS
L,ƒfƒ…ƒvƒ‰ƒ“ƒeƒBƒG,4,86,21,5,0,5,3,1,0,4,3,β–{,2025/06/12,Ό•,1,2025RS
,•x“c @,2,35,8,1,0,0,1,0,0,0,0,β–{,2025/06/12,Ό•,0,2025RS
,’Ε—t „,1,11,5,1,0,0,1,0,0,0,0,β–{,2025/06/12,Ό•,0,2025RS
,β’ε —S‘Ύ,1,12,3,0,0,0,0,0,0,0,0,β–{,2025/06/12,Ό•,0,2025RS
L,‘Ίγ θρχ,6,115,25,5,0,2,2,0,0,3,3,β–{,2025/06/13,y“V,1,2025RS
,β’ε —S‘Ύ,0.2,19,4,2,0,0,0,0,0,0,0,β–{,2025/06/13,y“V,0,2025RS
,ƒlƒ‹ƒ\ƒ“,1.1,26,6,2,0,1,0,0,0,0,0,β–{,2025/06/13,y“V,0,2025RS
,‘ε’| k‘ΎY,5,88,20,4,0,3,1,0,0,1,1,β–{,2025/06/14,y“V,1,2025RS
H,“’σ ‹Θ,1,19,5,2,0,1,0,0,0,0,0,β–{,2025/06/14,y“V,0,2025RS
,‹Λ•~ ‘ρ”n,0.0,19,5,3,0,0,1,0,0,3,3,β–{,2025/06/14,y“V,0,2025RS
,ƒlƒ‹ƒ\ƒ“,1,13,3,0,0,1,0,0,0,0,0,β–{,2025/06/14,y“V,0,2025RS
,‹yμ ‰λ‹M,1,18,5,2,0,2,0,0,0,0,0,”~–μ,2025/06/14,y“V,0,2025RS
H,½΄ ‘εξ,1,31,6,0,0,0,3,0,0,0,0,Δ},2025/06/14,y“V,0,2025RS
L,β’ε —S‘Ύ,0.2,12,5,3,0,0,0,0,0,1,1,Δ},2025/06/14,y“V,0,2025RS
,Ι΄ —Λl,6,91,23,6,0,8,0,0,0,2,2,β–{,2025/06/15,y“V,1,2025RS
H,‹yμ ‰λ‹M,2,29,8,0,0,2,1,1,0,0,0,”~–μ,2025/06/15,y“V,0,2025RS
H,βθ —D,2,22,6,0,0,1,1,0,0,0,0,”~–μ,2025/06/15,y“V,0,2025RS
L,“’σ ‹Θ,1.1,16,7,3,0,1,0,0,0,1,1,”~–μ,2025/06/15,y“V,0,2025RS
L,Λ–Ψ _l,6.2,108,28,6,0,5,2,0,0,3,3,”~–μ,2025/06/17,ƒƒbƒe,1,2025RS
,•x“c @,0.1,2,1,0,0,0,0,0,0,0,0,”~–μ,2025/06/17,ƒƒbƒe,0,2025RS
,–Ψ‰Ί —Ά“s,1,15,4,0,0,0,1,0,0,0,0,β–{,2025/06/17,ƒƒbƒe,0,2025RS
,‹Λ•~ ‘ρ”n,1,10,3,0,0,0,0,0,0,0,0,β–{,2025/06/17,ƒƒbƒe,0,2025RS
W,Ι“΅ «i,6,90,24,9,0,2,1,0,0,1,1,β–{,2025/06/18,ƒƒbƒe,1,2025RS
H,ƒlƒ‹ƒ\ƒ“,1,15,3,0,0,1,0,0,0,0,0,β–{,2025/06/18,ƒƒbƒe,0,2025RS
H,‹yμ ‰λ‹M,1,13,3,0,0,1,0,0,0,0,0,β–{,2025/06/18,ƒƒbƒe,0,2025RS
,•x“c @,1,14,4,1,0,1,0,0,0,0,0,β–{,2025/06/18,ƒƒbƒe,0,2025RS
W,ƒfƒ…ƒvƒ‰ƒ“ƒeƒBƒG,9,109,31,4,0,12,0,1,0,0,0,β–{,2025/06/19,ƒƒbƒe,1,2025RS
,‘Ίγ θρχ,8,123,29,5,0,6,1,0,0,1,1,β–{,2025/06/20,ƒ\ƒtƒgƒoƒ“ƒN,1,2025RS
H,βθ —D,1,14,3,0,0,0,0,0,0,0,0,β–{,2025/06/20,ƒ\ƒtƒgƒoƒ“ƒN,0,2025RS
L,‹yμ ‰λ‹M,1,23,6,2,0,0,1,0,0,1,1,β–{,2025/06/20,ƒ\ƒtƒgƒoƒ“ƒN,0,2025RS
W,‘ε’| k‘ΎY,5.0,80,17,1,0,2,0,0,0,0,0,β–{,2025/06/21,ƒ\ƒtƒgƒoƒ“ƒN,1,2025RS
H,‹Λ•~ ‘ρ”n,1,18,3,0,0,3,0,0,0,0,0,β–{,2025/06/21,ƒ\ƒtƒgƒoƒ“ƒN,0,2025RS
H,‹yμ ‰λ‹M,1,14,3,0,0,2,0,0,0,0,0,β–{,2025/06/21,ƒ\ƒtƒgƒoƒ“ƒN,0,2025RS
H,ƒlƒ‹ƒ\ƒ“,1,15,5,2,0,2,0,0,0,0,0,β–{,2025/06/21,ƒ\ƒtƒgƒoƒ“ƒN,0,2025RS
S,βθ —D,1,19,5,2,0,0,0,0,0,0,0,β–{,2025/06/21,ƒ\ƒtƒgƒoƒ“ƒN,0,2025RS
L,Ι΄ —Λl,6,98,24,3,0,7,2,0,0,2,0,β–{,2025/06/22,ƒ\ƒtƒgƒoƒ“ƒN,1,2025RS
,‹Λ•~ ‘ρ”n,1,8,3,0,0,0,0,0,0,0,0,β–{,2025/06/22,ƒ\ƒtƒgƒoƒ“ƒN,0,2025RS
,•x“c @,1,22,5,2,0,1,0,0,0,1,1,β–{,2025/06/22,ƒ\ƒtƒgƒoƒ“ƒN,0,2025RS
,–Ψ‰Ί —Ά“s,1,11,3,0,0,2,0,0,0,0,0,β–{,2025/06/22,ƒ\ƒtƒgƒoƒ“ƒN,0,2025RS
