position,player,avg,ab,r,h,rbi,so,walks,hbp,sac,sb,err,hr,inn1,inn2,inn3,inn4,inn5,inn6,inn7,inn8,inn9,inn10,inn11,inn12,day_of_game,vs_team,starting,series
(中),岡林 勇希,.250,4,0,1,0,1,0,0,0,0,0,0,二ゴロ,,左２,,,二ゴロ,,見三振,,,,,2025/03/28,DeNA,1,2025RS
(二),山本 泰寛,.000,3,0,0,0,1,0,0,0,0,0,0,一邪飛,,一直,,,空三振,,,,,,,2025/03/28,DeNA,1,2025RS
打,板山 祐太郎,-,0,0,0,0,0,1,0,0,0,0,0,,,,,,,,,四球,,,,2025/03/28,DeNA,0,2025RS
(左),カリステ,.250,4,0,1,0,1,0,0,0,0,0,0,左安,,,三ゴロ,,中飛,,,空三振,,,,2025/03/28,DeNA,1,2025RS
(三),石川 昂弥,.000,4,0,0,0,3,0,0,0,0,0,0,左飛,,,空三振,,,見三振,,空三振,,,,2025/03/28,DeNA,1,2025RS
(右),細川 成也,.250,4,0,1,0,1,0,0,0,0,0,0,,二ゴロ,,二飛,,,左２,,空三振,,,,2025/03/28,DeNA,1,2025RS
(一),中田 翔,.333,3,0,1,0,1,0,0,0,0,0,0,,空三振,,,遊安,,三ゴロ,,,,,,2025/03/28,DeNA,1,2025RS
(遊),村松 開人,.000,3,0,0,0,0,0,0,0,0,0,0,,二ゴロ,,,三直,,二ゴロ,,,,,,2025/03/28,DeNA,1,2025RS
(捕),木下 拓哉,.000,2,0,0,0,1,0,0,0,0,0,0,,,見三振,,遊飛,,,,,,,,2025/03/28,DeNA,1,2025RS
打,大島 洋平,.000,1,0,0,0,0,0,0,0,0,0,0,,,,,,,,二ゴロ,,,,,2025/03/28,DeNA,0,2025RS
捕,石伊 雄太,-,0,0,0,0,0,0,0,0,0,0,0,,,,,,,,,,,,,2025/03/28,DeNA,0,2025RS
(投),髙橋 宏斗,.000,2,0,0,0,0,0,0,0,0,0,0,,,一ゴロ,,二ゴロ,,,,,,,,2025/03/28,DeNA,1,2025RS
投,藤嶋 健人,-,0,0,0,0,0,0,0,0,0,0,0,,,,,,,,,,,,,2025/03/28,DeNA,0,2025RS
投,祖父江 大輔,-,0,0,0,0,0,0,0,0,0,0,0,,,,,,,,,,,,,2025/03/28,DeNA,0,2025RS
打,上林 誠知,.000,1,0,0,0,0,0,0,0,0,0,0,,,,,,,,一ゴロ,,,,,2025/03/28,DeNA,0,2025RS
投,橋本 侑樹,-,0,0,0,0,0,0,0,0,0,0,0,,,,,,,,,,,,,2025/03/28,DeNA,0,2025RS
(中),岡林 勇希,.111,5,0,0,0,1,0,0,0,0,0,0,空三振,,一ゴロ,中飛,,,捕飛,,投ゴロ,,,,2025/03/29,DeNA,1,2025RS
(遊),村松 開人,.000,4,0,0,0,2,1,0,0,1,1,0,空三振,,四球,,空三振,,二ゴロ,,二ゴロ,,,,2025/03/29,DeNA,1,2025RS
(左),上林 誠知,.333,5,0,2,0,2,0,0,0,0,0,0,空三振,,見三振,,一安,,,三安,中飛,,,,2025/03/29,DeNA,1,2025RS
(三),石川 昂弥,.125,4,0,1,0,1,0,0,0,0,0,0,,右飛,空三振,,遊飛,,,左２,,,,,2025/03/29,DeNA,1,2025RS
(右),細川 成也,.250,4,0,1,0,2,0,0,0,0,0,0,,三ゴロ,,左安,,見三振,,空三振,,,,,2025/03/29,DeNA,1,2025RS
捕,加藤 匠馬,-,0,0,0,0,0,0,0,0,0,0,0,,,,,,,,,,,,,2025/03/29,DeNA,0,2025RS
(一),カリステ,.286,3,1,1,0,0,1,0,0,0,0,0,,四球,,中安,,三ゴロ,,右飛,,,,,2025/03/29,DeNA,1,2025RS
(二),板山 祐太郎,.667,3,0,2,0,0,1,0,0,0,0,0,,中安,,中安,,遊直,,故意四,,,,,2025/03/29,DeNA,1,2025RS
(捕),木下 拓哉,.400,3,0,2,1,0,0,0,0,0,0,0,,左安,,二飛,,,中安,,,,,,2025/03/29,DeNA,1,2025RS
打,大島 洋平,.000,1,0,0,0,0,0,0,0,0,0,0,,,,,,,,左飛,,,,,2025/03/29,DeNA,0,2025RS
投,清水 達也,-,0,0,0,0,0,0,0,0,0,0,0,,,,,,,,,,,,,2025/03/29,DeNA,0,2025RS
投,松山 晋也,-,0,0,0,0,0,0,0,0,0,0,0,,,,,,,,,,,,,2025/03/29,DeNA,0,2025RS
(投),松葉 貴大,.000,3,0,0,0,1,0,0,0,0,1,0,,遊ゴロ,,空三振,,,投ゴロ,,,,,,2025/03/29,DeNA,1,2025RS
右,駿太,1.000,1,0,1,0,0,0,0,0,0,0,0,,,,,,,,,右安,,,,2025/03/29,DeNA,0,2025RS
(中),岡林 勇希,.231,4,0,2,0,0,0,0,0,0,0,0,右飛,,中安,,中３,,,左飛,,,,,2025/03/30,DeNA,1,2025RS
(右),駿太,.250,3,0,0,0,0,0,0,0,0,0,0,一ゴロ,,二ゴロ,,三邪飛,,,,,,,,2025/03/30,DeNA,1,2025RS
打,中田 翔,.500,1,0,1,0,0,0,0,0,0,0,0,,,,,,,,中安,,,,,2025/03/30,DeNA,0,2025RS
走二,樋口 正修,-,0,0,0,0,0,0,0,0,0,0,0,,,,,,,,,,,,,2025/03/30,DeNA,0,2025RS
(左右),上林 誠知,.400,4,0,2,1,0,0,0,0,0,0,0,中飛,,,右安,,左飛,,右２,,,,,2025/03/30,DeNA,1,2025RS
(三),石川 昂弥,.083,4,0,0,0,2,0,0,0,0,0,0,,右飛,,三ゴロ,,空三振,,空三振,,,,,2025/03/30,DeNA,1,2025RS
(二),板山 祐太郎,.286,4,0,0,0,0,0,0,0,0,0,0,,遊ゴロ,,左飛,,中飛,,左飛,,,,,2025/03/30,DeNA,1,2025RS
投,齋藤 綱記,-,0,0,0,0,0,0,0,0,0,0,0,,,,,,,,,,,,,2025/03/30,DeNA,0,2025RS
(一),カリステ,.200,3,0,0,0,2,1,0,0,0,0,0,,見三振,,四球,,,見三振,,右飛,,,,2025/03/30,DeNA,1,2025RS
(遊),村松 開人,.000,4,0,0,0,0,0,0,0,0,0,0,,,三ゴロ,左飛,,,二ゴロ,,右飛,,,,2025/03/30,DeNA,1,2025RS
(捕),木下 拓哉,.250,3,0,0,0,0,0,0,0,0,0,0,,,投ゴロ,,三ゴロ,,三飛,,,,,,2025/03/30,DeNA,1,2025RS
打,細川 成也,.250,0,0,0,0,0,1,0,0,0,0,0,,,,,,,,,四球,,,,2025/03/30,DeNA,0,2025RS
走,加藤 匠馬,-,0,0,0,0,0,0,0,0,0,0,0,,,,,,,,,,,,,2025/03/30,DeNA,0,2025RS
(投),メヒア,.500,2,0,1,0,1,0,0,0,0,0,0,,,中安,,空三振,,,,,,,,2025/03/30,DeNA,1,2025RS
打左,大島 洋平,.000,1,1,0,0,1,1,0,0,0,0,0,,,,,,,,四球,空三振,,,,2025/03/30,DeNA,0,2025RS
(中),岡林 勇希,.235,4,0,1,0,0,0,0,0,0,0,0,二ゴロ,,三ゴロ,,左安,,左飛,,,,,,2025/04/01,巨人,1,2025RS
(二),山本 泰寛,.000,3,1,0,0,2,1,0,0,0,0,0,空三振,,見三振,,右飛,,,四球,,,,,2025/04/01,巨人,1,2025RS
(右),細川 成也,.273,3,0,1,0,0,1,0,0,0,0,0,遊ゴロ,,,左安,,左飛,,四球,,,,,2025/04/01,巨人,1,2025RS
走右,駿太,.250,0,0,0,0,0,0,0,0,0,0,0,,,,,,,,,,,,,2025/04/01,巨人,0,2025RS
(三),石川 昂弥,.188,4,1,2,0,1,0,0,0,0,0,0,,右２,,見三振,,三ゴロ,,投安,,,,,2025/04/01,巨人,1,2025RS
(左一),カリステ,.167,2,0,0,1,0,0,0,1,0,0,0,,投犠打,,二併打,,右飛,,右犠飛,,,,,2025/04/01,巨人,1,2025RS
(一),中田 翔,.429,3,0,1,1,1,0,0,0,0,0,0,,遊ゴロ,,,空三振,,左２,,,,,,2025/04/01,巨人,1,2025RS
走左,上林 誠知,.364,1,1,0,0,0,0,0,0,0,1,0,,,,,,,,三邪飛,,,,,2025/04/01,巨人,0,2025RS
(遊),村松 開人,.071,3,0,1,0,0,0,0,1,0,0,0,,左安,,,二ゴロ,,投犠野,二飛,,,,,2025/04/01,巨人,1,2025RS
(捕),木下 拓哉,.222,1,0,0,1,0,1,0,1,0,0,0,,右飛,,,四球,,一犠打,,,,,,2025/04/01,巨人,1,2025RS
捕,加藤 匠馬,-,0,0,0,0,0,0,0,0,0,0,0,,,,,,,,,,,,,2025/04/01,巨人,0,2025RS
(投),マラー,.000,1,0,0,0,1,0,0,0,0,0,0,,,見三振,,,,,,,,,,2025/04/01,巨人,1,2025RS
打,ブライト 健太,-,0,0,0,0,0,1,0,0,0,0,0,,,,,四球,,,,,,,,2025/04/01,巨人,0,2025RS
投,齋藤 綱記,-,0,0,0,0,0,0,0,0,0,0,0,,,,,,,,,,,,,2025/04/01,巨人,0,2025RS
投,岩嵜 翔,-,0,0,0,0,0,0,0,0,0,0,0,,,,,,,,,,,,,2025/04/01,巨人,0,2025RS
打,大島 洋平,.000,1,0,0,0,0,0,0,0,0,0,0,,,,,,,遊ゴロ,,,,,,2025/04/01,巨人,0,2025RS
投,清水 達也,-,0,0,0,0,0,0,0,0,0,0,0,,,,,,,,,,,,,2025/04/01,巨人,0,2025RS
投,松山 晋也,-,0,0,0,0,0,0,0,0,0,0,0,,,,,,,,,,,,,2025/04/01,巨人,0,2025RS
(中),岡林 勇希,.238,4,0,1,0,0,0,0,0,0,0,0,右安,,二ゴロ,,遊ゴロ,,,投ゴロ,,,,,2025/04/02,巨人,1,2025RS
(左),上林 誠知,.267,4,0,0,0,1,0,0,0,0,0,0,投ゴロ,,二ゴロ,,,投ゴロ,,空三振,,,,,2025/04/02,巨人,1,2025RS
捕,加藤 匠馬,-,0,0,0,0,0,0,0,0,0,0,0,,,,,,,,,,,,,2025/04/02,巨人,0,2025RS
(右),細川 成也,.214,3,0,0,0,1,1,0,0,0,0,0,三併打,,,見三振,,左飛,,,四球,,,,2025/04/02,巨人,1,2025RS
(三),石川 昂弥,.150,4,0,0,0,1,0,0,0,0,0,0,二飛,,,右飛,,空三振,,,中飛,,,,2025/04/02,巨人,1,2025RS
(二),板山 祐太郎,.364,4,0,2,0,1,0,0,0,0,0,0,,右飛,,右２,,,投安,,空三振,,,,2025/04/02,巨人,1,2025RS
(一),カリステ,.125,4,0,0,0,3,0,0,0,0,0,0,,投ゴロ,,空三振,,,見三振,,空三振,,,,2025/04/02,巨人,1,2025RS
(遊),村松 開人,.059,3,0,0,0,1,0,0,0,0,0,0,,一ゴロ,,,空三振,,三直,,,,,,2025/04/02,巨人,1,2025RS
(捕),石伊 雄太,.000,2,0,0,0,1,0,0,0,0,0,0,,,空三振,,遊ゴロ,,,,,,,,2025/04/02,巨人,1,2025RS
打,大島 洋平,.000,1,0,0,0,0,0,0,0,0,0,0,,,,,,,,一ゴロ,,,,,2025/04/02,巨人,0,2025RS
投,マルテ,-,0,0,0,0,0,0,0,0,0,0,0,,,,,,,,,,,,,2025/04/02,巨人,0,2025RS
(投),柳 裕也,1.000,1,0,1,0,0,1,0,0,0,0,0,,,左安,,四球,,,,,,,,2025/04/02,巨人,1,2025RS
投,勝野 昌慶,-,0,0,0,0,0,0,0,0,0,0,0,,,,,,,,,,,,,2025/04/02,巨人,0,2025RS
投,橋本 侑樹,-,0,0,0,0,0,0,0,0,0,0,0,,,,,,,,,,,,,2025/04/02,巨人,0,2025RS
打左,ブライト 健太,1.000,1,0,1,0,0,0,0,0,0,0,0,,,,,,,,右２,,,,,2025/04/02,巨人,0,2025RS
(中),岡林 勇希,.320,4,0,3,0,0,1,0,0,1,1,0,左安,,投安,,右２,,四球,,二ゴロ,,,,2025/04/03,巨人,1,2025RS
(左),上林 誠知,.294,2,0,1,1,0,1,0,1,0,0,0,右安,,中犠飛,,四球,,投犠打,,二ゴロ,,,,2025/04/03,巨人,1,2025RS
(右),細川 成也,.188,2,0,0,1,0,1,0,0,0,0,0,中飛,,四球,,三併打,,左犠飛,,,,,,2025/04/03,巨人,1,2025RS
(三),石川 昂弥,.174,3,1,1,0,0,1,0,0,0,0,0,遊併打,,遊ゴロ,,,右安,四球,,,,,,2025/04/03,巨人,1,2025RS
(二),板山 祐太郎,.333,4,0,1,0,0,0,0,0,0,0,0,,三ゴロ,,二ゴロ,,右安,中飛,,,,,,2025/04/03,巨人,1,2025RS
(一),カリステ,.100,4,0,0,0,2,0,0,0,0,0,0,,空三振,,二飛,,三ゴロ,,見三振,,,,,2025/04/03,巨人,1,2025RS
(遊),村松 開人,.095,4,0,1,1,0,0,0,0,0,0,0,,一ゴロ,,遊飛,,左安,,一ゴロ,,,,,2025/04/03,巨人,1,2025RS
(捕),木下 拓哉,.273,2,1,1,0,0,1,0,0,0,0,0,,,中安,,四球,二併打,,,,,,,2025/04/03,巨人,1,2025RS
打,大島 洋平,.000,1,0,0,0,0,0,0,0,0,0,0,,,,,,,,二ゴロ,,,,,2025/04/03,巨人,0,2025RS
捕,加藤 匠馬,-,0,0,0,0,0,0,0,0,0,0,0,,,,,,,,,,,,,2025/04/03,巨人,0,2025RS
(投),大野 雄大,-,0,0,0,0,0,0,0,1,0,0,0,,,捕犠打,,,,,,,,,,2025/04/03,巨人,1,2025RS
打,辻本 倫太郎,.000,1,0,0,0,0,0,0,0,0,0,0,,,,,遊ゴロ,,,,,,,,2025/04/03,巨人,0,2025RS
投,祖父江 大輔,-,0,0,0,0,0,0,0,0,0,0,0,,,,,,,,,,,,,2025/04/03,巨人,0,2025RS
打,山本 泰寛,.143,1,1,1,0,0,0,0,0,0,0,0,,,,,,,右安,,,,,,2025/04/03,巨人,0,2025RS
投,藤嶋 健人,-,0,0,0,0,0,0,0,0,0,0,0,,,,,,,,,,,,,2025/04/03,巨人,0,2025RS
投,齋藤 綱記,-,0,0,0,0,0,0,0,0,0,0,0,,,,,,,,,,,,,2025/04/03,巨人,0,2025RS
打,ブライト 健太,.500,1,0,0,0,1,0,0,0,0,0,0,,,,,,,,,見三振,,,,2025/04/03,巨人,0,2025RS
(中),岡林 勇希,.310,4,0,1,0,0,2,0,0,0,0,0,中安,,遊ゴロ,,,四球,,中飛,,二ゴロ,,故意四,2025/04/04,ヤクルト,1,2025RS
(遊),村松 開人,.080,4,0,0,0,2,1,0,1,0,0,0,空三振,,二ゴロ,,,一犠打,,一ゴロ,,,四球,空三振,2025/04/04,ヤクルト,1,2025RS
(右),上林 誠知,.286,4,0,1,0,1,1,0,0,0,0,0,中飛,,右安,,,右飛,,空三振,,,四球,,2025/04/04,ヤクルト,1,2025RS
(三),石川 昂弥,.154,3,1,0,0,2,0,1,0,0,0,0,,死球,,遊飛,,空三振,,,空三振,,,,2025/04/04,ヤクルト,1,2025RS
打三,山本 泰寛,.143,0,0,0,0,0,0,0,1,0,0,0,,,,,,,,,,,一犠打,,2025/04/04,ヤクルト,0,2025RS
(二),板山 祐太郎,.300,5,0,1,0,3,0,0,0,0,1,0,,右安,,空三振,,,見三振,,空三振,,右飛,,2025/04/04,ヤクルト,1,2025RS
(一),中田 翔,.333,5,0,1,1,1,0,0,0,0,0,0,,左２,,空三振,,,遊ゴロ,,中飛,,遊ゴロ,,2025/04/04,ヤクルト,1,2025RS
(左),大島 洋平,.000,2,0,0,0,0,0,0,0,0,0,0,,二ゴロ,,,遊ゴロ,,,,,,,,2025/04/04,ヤクルト,1,2025RS
打,細川 成也,.188,0,0,0,0,0,1,0,0,0,0,0,,,,,,,四球,,,,,,2025/04/04,ヤクルト,0,2025RS
走左,駿太,.167,2,0,0,0,0,0,0,0,0,0,0,,,,,,,,,,左邪飛,,三ゴロ,2025/04/04,ヤクルト,0,2025RS
(捕),加藤 匠馬,.250,4,0,1,0,2,1,0,0,0,0,0,,空三振,,,空三振,,三ゴロ,,,右安,,四球,2025/04/04,ヤクルト,1,2025RS
(投),髙橋 宏斗,.200,3,0,1,0,0,0,0,0,0,0,0,,一ゴロ,,,遊ゴロ,,,右安,,,,,2025/04/04,ヤクルト,1,2025RS
投,清水 達也,-,0,0,0,0,0,0,0,0,0,0,0,,,,,,,,,,,,,2025/04/04,ヤクルト,0,2025RS
打,辻本 倫太郎,.000,0,0,0,0,0,0,0,1,0,0,0,,,,,,,,,,捕犠打,,,2025/04/04,ヤクルト,0,2025RS
投,齋藤 綱記,-,0,0,0,0,0,0,0,0,0,0,0,,,,,,,,,,,,,2025/04/04,ヤクルト,0,2025RS
投,勝野 昌慶,-,0,0,0,0,0,0,0,0,0,0,0,,,,,,,,,,,,,2025/04/04,ヤクルト,0,2025RS
打,樋口 正修,-,0,0,0,0,0,0,0,1,0,0,0,,,,,,,,,,,,一犠打,2025/04/04,ヤクルト,0,2025RS
投,松山 晋也,-,0,0,0,0,0,0,0,0,0,0,0,,,,,,,,,,,,,2025/04/04,ヤクルト,0,2025RS
(中),岡林 勇希,.281,3,0,0,0,0,1,0,0,0,0,0,遊ゴロ,,中飛,,,四球,,遊ゴロ,,,,,2025/04/05,ヤクルト,1,2025RS
(左),上林 誠知,.240,4,0,0,0,3,0,0,0,0,0,0,中飛,,,空三振,,見三振,,,見三振,,,,2025/04/05,ヤクルト,1,2025RS
(右),細川 成也,.150,4,0,0,0,2,0,0,0,0,0,0,見三振,,,捕邪飛,,投併打,,,空三振,,,,2025/04/05,ヤクルト,1,2025RS
(三),石川 昂弥,.133,4,0,0,0,2,0,0,0,0,0,0,,空三振,,三ゴロ,,,一邪飛,,見三振,,,,2025/04/05,ヤクルト,1,2025RS
(二),板山 祐太郎,.261,3,0,0,0,1,0,0,0,0,0,0,,右飛,,,右飛,,空三振,,,,,,2025/04/05,ヤクルト,1,2025RS
(一),中田 翔,.267,3,0,0,0,1,0,0,0,0,0,0,,右飛,,,右飛,,空三振,,,,,,2025/04/05,ヤクルト,1,2025RS
(捕),木下 拓哉,.214,3,0,0,0,1,0,0,0,0,0,0,,,遊ゴロ,,左飛,,,空三振,,,,,2025/04/05,ヤクルト,1,2025RS
(遊),村松 開人,.143,3,0,2,0,0,0,0,0,0,0,0,,,投安,,,左２,,二失,,,,,2025/04/05,ヤクルト,1,2025RS
(投),松葉 貴大,.000,0,0,0,0,0,0,0,1,0,0,0,,,投犠打,,,,,,,,,,2025/04/05,ヤクルト,1,2025RS
打,ブライト 健太,.667,1,0,1,0,0,0,0,0,0,0,0,,,,,,右安,,,,,,,2025/04/05,ヤクルト,0,2025RS
投,マルテ,-,0,0,0,0,0,0,0,0,0,0,0,,,,,,,,,,,,,2025/04/05,ヤクルト,0,2025RS
投,藤嶋 健人,-,0,0,0,0,0,0,0,0,0,0,0,,,,,,,,,,,,,2025/04/05,ヤクルト,0,2025RS
打,カリステ,.095,1,0,0,0,0,0,0,0,0,0,0,,,,,,,,三ゴロ,,,,,2025/04/05,ヤクルト,0,2025RS
投,祖父江 大輔,-,0,0,0,0,0,0,0,0,0,0,0,,,,,,,,,,,,,2025/04/05,ヤクルト,0,2025RS
(中),岡林 勇希,.297,5,1,2,0,0,0,0,0,1,0,0,左２,右安,,二ゴロ,,,二ゴロ,,左飛,,,,2025/04/06,ヤクルト,1,2025RS
(左),ブライト 健太,.500,3,2,1,1,0,1,0,0,0,0,1,四球,三ゴロ,,,二ゴロ,,左本,,,,,,2025/04/06,ヤクルト,1,2025RS
(一),カリステ,.125,3,1,1,0,0,1,0,0,0,0,0,投ゴロ,,三ゴロ,,中３,,四球,,,,,,2025/04/06,ヤクルト,1,2025RS
(三),石川 昂弥,.147,4,1,1,3,1,0,0,0,0,0,0,中安,,左飛,,三ゴロ,,見三振,,,,,,2025/04/06,ヤクルト,1,2025RS
(二),板山 祐太郎,.259,4,0,1,1,1,0,0,0,0,0,0,左２,,空三振,,中飛,,,二ゴロ,,,,,2025/04/06,ヤクルト,1,2025RS
(右),細川 成也,.174,3,1,1,1,0,1,0,0,0,0,1,三ゴロ,,,左本,,捕邪飛,,四球,,,,,2025/04/06,ヤクルト,1,2025RS
走,樋口 正修,-,0,0,0,0,0,0,0,0,0,0,0,,,,,,,,,,,,,2025/04/06,ヤクルト,0,2025RS
投,清水 達也,-,0,0,0,0,0,0,0,0,0,0,0,,,,,,,,,,,,,2025/04/06,ヤクルト,0,2025RS
投,松山 晋也,-,0,0,0,0,0,0,0,0,0,0,0,,,,,,,,,,,,,2025/04/06,ヤクルト,0,2025RS
(遊),村松 開人,.125,4,0,0,0,0,0,0,0,0,0,0,左飛,,,中飛,,二ゴロ,,中飛,,,,,2025/04/06,ヤクルト,1,2025RS
(捕),木下 拓哉,.235,3,0,1,0,0,0,0,0,0,0,0,,中飛,,遊安,,一邪飛,,,,,,,2025/04/06,ヤクルト,1,2025RS
打右,上林 誠知,.231,1,0,0,0,0,0,0,0,0,0,0,,,,,,,,,二ゴロ,,,,2025/04/06,ヤクルト,0,2025RS
(投),メヒア,.250,2,0,0,0,1,0,0,0,0,0,0,,空三振,,投ゴロ,,,,,,,,,2025/04/06,ヤクルト,1,2025RS
打,大島 洋平,.000,1,0,0,0,0,0,0,0,0,0,0,,,,,,,三邪飛,,,,,,2025/04/06,ヤクルト,0,2025RS
投,マルテ,-,0,0,0,0,0,0,0,0,0,0,0,,,,,,,,,,,,,2025/04/06,ヤクルト,0,2025RS
捕,加藤 匠馬,.200,1,0,0,0,0,0,0,0,0,0,0,,,,,,,,,二ゴロ,,,,2025/04/06,ヤクルト,0,2025RS
(中),岡林 勇希,.262,5,0,0,0,4,0,0,0,0,0,0,空三振,,二ゴロ,,見三振,,,見三振,,空三振,,,2025/04/08,広島,1,2025RS
(左),ブライト 健太,.300,4,1,0,0,2,1,0,0,0,0,0,二ゴロ,,,四球,,二ゴロ,,空三振,,,空三振,,2025/04/08,広島,1,2025RS
(一),カリステ,.143,4,0,1,0,1,1,0,0,1,0,0,右飛,,,四球,,遊ゴロ,,左安,,,空三振,,2025/04/08,広島,1,2025RS
(三),石川 昂弥,.128,5,0,0,0,1,0,0,0,0,0,0,,遊ゴロ,,中飛,,三失,,空三振,,,右飛,,2025/04/08,広島,1,2025RS
(二),板山 祐太郎,.233,3,0,0,0,0,2,0,0,0,0,0,,右飛,,四球,,四球,,,遊ゴロ,,,二ゴロ,2025/04/08,広島,1,2025RS
(右),細川 成也,.185,4,0,1,1,0,1,0,0,0,0,0,,四球,,遊ゴロ,,二飛,,,右飛,,,左安,2025/04/08,広島,1,2025RS
走,樋口 正修,-,0,0,0,0,0,0,0,0,0,0,0,,,,,,,,,,,,,2025/04/08,広島,0,2025RS
(遊),村松 開人,.111,4,0,0,0,1,0,0,1,0,0,0,,一ゴロ,,一ゴロ,,,左飛,,空三振,,,投犠打,2025/04/08,広島,1,2025RS
(捕),木下 拓哉,.238,4,0,1,0,2,0,0,0,0,0,0,,,左安,,遊ゴロ,,見三振,,,空三振,,,2025/04/08,広島,1,2025RS
投,清水 達也,-,0,0,0,0,0,0,0,0,0,0,0,,,,,,,,,,,,,2025/04/08,広島,0,2025RS
投,勝野 昌慶,-,0,0,0,0,0,0,0,0,0,0,0,,,,,,,,,,,,,2025/04/08,広島,0,2025RS
打,中田 翔,.267,0,0,0,0,0,1,0,0,0,0,0,,,,,,,,,,,,四球,2025/04/08,広島,0,2025RS
走,駿太,.167,0,0,0,0,0,0,0,0,0,0,0,,,,,,,,,,,,,2025/04/08,広島,0,2025RS
(投),マラー,.000,3,0,0,0,0,0,0,0,0,0,0,,,遊併打,,一邪飛,,右飛,,,,,,2025/04/08,広島,1,2025RS
投,齋藤 綱記,-,0,0,0,0,0,0,0,0,0,0,0,,,,,,,,,,,,,2025/04/08,広島,0,2025RS
投,松山 晋也,-,0,0,0,0,0,0,0,0,0,0,0,,,,,,,,,,,,,2025/04/08,広島,0,2025RS
投,マルテ,-,0,0,0,0,0,0,0,0,0,0,0,,,,,,,,,,,,,2025/04/08,広島,0,2025RS
打,山本 泰寛,.125,1,0,0,0,1,0,0,0,0,0,0,,,,,,,,,,空三振,,,2025/04/08,広島,0,2025RS
捕,加藤 匠馬,.200,0,0,0,0,0,0,0,0,0,0,0,,,,,,,,,,,,,2025/04/08,広島,0,2025RS
打,上林 誠知,.222,1,0,0,0,1,0,0,0,0,0,0,,,,,,,,,,,,空三振,2025/04/08,広島,0,2025RS
(中),岡林 勇希,.239,4,1,0,0,0,0,0,0,0,0,0,投ゴロ,,三ゴロ,,三邪飛,,,遊ゴロ,,,,,2025/04/09,広島,1,2025RS
(左),カリステ,.161,3,1,1,0,1,1,0,0,0,0,0,空三振,,中飛,,,右安,,四球,,,,,2025/04/09,広島,1,2025RS
投,松山 晋也,-,0,0,0,0,0,0,0,0,0,0,0,,,,,,,,,,,,,2025/04/09,広島,0,2025RS
(二),板山 祐太郎,.212,3,0,0,0,1,0,0,0,0,0,0,空三振,,,左飛,,二併打,,,,,,,2025/04/09,広島,1,2025RS
打左,ブライト 健太,.364,1,0,1,2,0,0,0,0,0,0,0,,,,,,,,中２,,,,,2025/04/09,広島,0,2025RS
(三),石川 昂弥,.143,3,0,1,0,0,0,0,0,0,1,0,,投ゴロ,,左安,,二飛,,,,,,,2025/04/09,広島,1,2025RS
(右),細川 成也,.200,3,1,1,0,1,0,0,0,0,0,0,,左２,,右飛,,,見三振,,,,,,2025/04/09,広島,1,2025RS
(一),中田 翔,.222,3,0,0,0,0,0,0,0,0,0,0,,二飛,,三ゴロ,,,遊直,,,,,,2025/04/09,広島,1,2025RS
(遊),村松 開人,.128,3,0,1,1,1,0,0,0,1,0,0,,中安,,,右飛,,空三振,,,,,,2025/04/09,広島,1,2025RS
(捕),木下 拓哉,.250,3,0,1,0,1,0,0,0,0,0,0,,空三振,,,三ゴロ,,,右安,,,,,2025/04/09,広島,1,2025RS
走捕,加藤 匠馬,.200,0,0,0,0,0,0,0,0,0,0,0,,,,,,,,,,,,,2025/04/09,広島,0,2025RS
(投),柳 裕也,.667,2,0,1,0,1,0,0,0,0,0,0,,,空三振,,中安,,,,,,,,2025/04/09,広島,1,2025RS
投,勝野 昌慶,-,0,0,0,0,0,0,0,0,0,0,0,,,,,,,,,,,,,2025/04/09,広島,0,2025RS
打二,山本 泰寛,.111,1,0,0,0,0,0,0,0,0,0,0,,,,,,,,一ゴロ,,,,,2025/04/09,広島,0,2025RS
(中),岡林 勇希,.235,5,0,1,0,1,0,0,0,0,0,0,空三振,,,左安,,左飛,,,二ゴロ,,投ゴロ,,2025/04/10,広島,1,2025RS
(二三),辻本 倫太郎,.000,5,0,0,0,2,0,0,0,0,0,0,見三振,,,遊併打,,二飛,,,投ゴロ,,空三振,,2025/04/10,広島,1,2025RS
(左一),カリステ,.167,5,0,1,0,2,0,0,0,0,0,0,二ゴロ,,,三ゴロ,,空三振,,,空三振,,中安,,2025/04/10,広島,1,2025RS
(三),石川 昂弥,.174,4,0,2,0,1,0,0,0,0,0,0,,二安,,,見三振,,中飛,,,左安,,,2025/04/10,広島,1,2025RS
走二,樋口 正修,-,0,0,0,0,0,0,0,0,1,0,0,,,,,,,,,,,,,2025/04/10,広島,0,2025RS
打,山本 泰寛,.100,1,0,0,0,1,0,0,0,0,0,0,,,,,,,,,,,空三振,,2025/04/10,広島,0,2025RS
(右),細川 成也,.176,4,0,0,0,2,0,0,0,0,1,0,,空三振,,,遊ゴロ,,右飛,,,見三振,,,2025/04/10,広島,1,2025RS
(一),中田 翔,.238,3,1,1,0,0,1,0,0,0,0,0,,遊ゴロ,,,右２,,左飛,,,故意四,,,2025/04/10,広島,1,2025RS
走捕,加藤 匠馬,.200,0,0,0,0,0,0,0,0,0,0,0,,,,,,,,,,,,,2025/04/10,広島,0,2025RS
(遊),村松 開人,.140,4,0,1,0,2,0,0,0,0,0,0,,,一ゴロ,,遊安,,,空三振,,空三振,,,2025/04/10,広島,1,2025RS
(捕),石伊 雄太,.200,3,0,1,1,1,0,0,0,0,0,0,,,遊ゴロ,,左安,,,空三振,,,,,2025/04/10,広島,1,2025RS
打左,ブライト 健太,.364,0,0,0,0,0,1,0,0,0,0,0,,,,,,,,,,四球,,,2025/04/10,広島,0,2025RS
(投),大野 雄大,.000,2,0,0,0,2,0,0,0,0,0,0,,,空三振,,見三振,,,,,,,,2025/04/10,広島,1,2025RS
投,清水 達也,-,0,0,0,0,0,0,0,0,0,0,0,,,,,,,,,,,,,2025/04/10,広島,0,2025RS
投,マルテ,-,0,0,0,0,0,0,0,0,0,0,0,,,,,,,,,,,,,2025/04/10,広島,0,2025RS
打,上林 誠知,.214,1,0,0,0,0,0,0,0,0,0,0,,,,,,,,左飛,,,,,2025/04/10,広島,0,2025RS
投,齋藤 綱記,-,0,0,0,0,0,0,0,0,0,0,0,,,,,,,,,,,,,2025/04/10,広島,0,2025RS
投,祖父江 大輔,-,0,0,0,0,0,0,0,0,0,0,0,,,,,,,,,,,,,2025/04/10,広島,0,2025RS
打,板山 祐太郎,.206,1,0,0,0,1,0,0,0,0,0,0,,,,,,,,,,空三振,,,2025/04/10,広島,0,2025RS
投,藤嶋 健人,-,0,0,0,0,0,0,0,0,0,0,0,,,,,,,,,,,,,2025/04/10,広島,0,2025RS
(中),岡林 勇希,.259,3,1,2,0,0,1,0,0,0,0,0,中安,,中飛,,四球,,遊安,,,,,,2025/04/11,阪神,1,2025RS
(二),山本 泰寛,.071,4,0,0,0,1,0,0,0,0,0,0,中飛,,三邪飛,,見三振,,一邪飛,,,,,,2025/04/11,阪神,1,2025RS
(左),上林 誠知,.219,4,1,1,2,2,0,0,0,0,0,1,右本,,空三振,,遊飛,,,空三振,,,,,2025/04/11,阪神,1,2025RS
(三),石川 昂弥,.160,4,0,0,0,3,0,0,0,0,0,0,空三振,,,遊ゴロ,,空三振,,空三振,,,,,2025/04/11,阪神,1,2025RS
(一),ボスラー,.000,4,0,0,0,2,0,0,0,0,0,0,一ゴロ,,,一ゴロ,,空三振,,空三振,,,,,2025/04/11,阪神,1,2025RS
(右),細川 成也,.158,4,0,0,0,3,0,0,0,0,0,0,,空三振,,見三振,,空三振,,,中飛,,,,2025/04/11,阪神,1,2025RS
(遊),村松 開人,.152,3,1,1,0,1,0,1,0,0,0,0,,空三振,,,死球,,遊ゴロ,,左安,,,,2025/04/11,阪神,1,2025RS
(捕),加藤 匠馬,.167,1,0,0,0,0,0,0,1,0,0,0,,中飛,,,投犠打,,,,,,,,2025/04/11,阪神,1,2025RS
打捕,木下 拓哉,.269,2,0,1,0,0,0,0,0,0,0,0,,,,,,,右安,,右飛,,,,2025/04/11,阪神,0,2025RS
(投),髙橋 宏斗,.333,1,0,1,0,0,0,0,0,0,0,0,,,中安,,,,,,,,,,2025/04/11,阪神,1,2025RS
打,カリステ,.189,1,0,1,1,0,0,0,0,0,0,0,,,,,左２,,,,,,,,2025/04/11,阪神,0,2025RS
投,勝野 昌慶,-,0,0,0,0,0,0,0,0,0,0,0,,,,,,,,,,,,,2025/04/11,阪神,0,2025RS
打,中田 翔,.227,1,0,0,0,0,0,0,0,0,0,0,,,,,,,中飛,,,,,,2025/04/11,阪神,0,2025RS
投,橋本 侑樹,-,0,0,0,0,0,0,0,0,0,0,0,,,,,,,,,,,,,2025/04/11,阪神,0,2025RS
投,藤嶋 健人,-,0,0,0,0,0,0,0,0,0,0,0,,,,,,,,,,,,,2025/04/11,阪神,0,2025RS
打,ブライト 健太,.333,1,0,0,0,0,0,0,0,0,0,0,,,,,,,,,右飛,,,,2025/04/11,阪神,0,2025RS
(中),岡林 勇希,.281,3,2,2,0,0,2,0,0,0,0,0,右２,左飛,,,四球,,中安,,四球,,,,2025/04/12,阪神,1,2025RS
(二),板山 祐太郎,.211,4,1,1,0,0,0,0,1,0,0,0,二ゴロ,,左飛,,左安,,投犠打,,二併打,,,,2025/04/12,阪神,1,2025RS
(左),上林 誠知,.235,2,0,1,1,0,0,0,1,0,0,0,中安,,右飛,,一犠打,,,,,,,,2025/04/12,阪神,1,2025RS
打,カリステ,.184,1,0,0,0,0,0,0,0,0,0,0,,,,,,,三ゴロ,,,,,,2025/04/12,阪神,0,2025RS
左,駿太,.143,1,0,0,0,1,0,0,0,0,0,0,,,,,,,,,空三振,,,,2025/04/12,阪神,0,2025RS
(右),細川 成也,.175,2,0,1,1,0,2,0,0,0,0,0,四球,,投ゴロ,,左安,,故意四,,,,,,2025/04/12,阪神,1,2025RS
(一),ボスラー,.143,3,0,1,1,1,0,0,0,0,0,0,見三振,,,右安,二ゴロ,,,,,,,,2025/04/12,阪神,1,2025RS
打一,中田 翔,.217,1,0,0,0,0,0,0,0,0,0,0,,,,,,,遊ゴロ,,,,,,2025/04/12,阪神,0,2025RS
(三),高橋 周平,.250,4,0,1,0,0,0,0,0,0,0,0,遊ゴロ,,,右２,中飛,,,遊ゴロ,,,,,2025/04/12,阪神,1,2025RS
(遊),村松 開人,.160,4,0,1,0,1,0,0,0,0,0,0,,右２,,空三振,,遊ゴロ,,二ゴロ,,,,,2025/04/12,阪神,1,2025RS
(捕),木下 拓哉,.233,4,0,0,0,1,0,0,0,0,0,0,,一ゴロ,,一飛,,空三振,,右飛,,,,,2025/04/12,阪神,1,2025RS
捕,加藤 匠馬,.167,0,0,0,0,0,0,0,0,0,0,0,,,,,,,,,,,,,2025/04/12,阪神,0,2025RS
(投),松葉 貴大,.000,3,0,0,0,1,0,0,0,0,0,0,,二ゴロ,,二ゴロ,,空三振,,,,,,,2025/04/12,阪神,1,2025RS
投,マルテ,-,0,0,0,0,0,0,0,0,0,0,0,,,,,,,,,,,,,2025/04/12,阪神,0,2025RS
打,ブライト 健太,.333,0,0,0,0,0,1,0,0,0,0,0,,,,,,,,,四球,,,,2025/04/12,阪神,0,2025RS
投,松山 晋也,-,0,0,0,0,0,0,0,0,0,0,0,,,,,,,,,,,,,2025/04/12,阪神,0,2025RS
(中),岡林 勇希,.279,4,1,1,0,1,0,0,0,1,0,0,一ゴロ,,遊安,,二ゴロ,,見三振,,,,,,2025/04/15,広島,1,2025RS
(二),板山 祐太郎,.195,3,0,0,0,0,0,0,0,0,0,0,一ゴロ,,遊飛,,左飛,,,,,,,,2025/04/15,広島,1,2025RS
二,樋口 正修,.000,1,0,0,0,0,0,0,0,0,0,0,,,,,,,一ゴロ,,,,,,2025/04/15,広島,0,2025RS
(左),上林 誠知,.263,4,0,2,1,1,0,0,0,2,0,0,中安,,中安,,空三振,,一ゴロ,,,,,,2025/04/15,広島,1,2025RS
(右),細川 成也,.163,3,0,0,0,1,1,0,0,0,0,0,四球,,見三振,,,二直,,右飛,,,,,2025/04/15,広島,1,2025RS
(一),ボスラー,.182,4,0,1,0,2,0,0,0,0,0,0,見三振,,左飛,,,見三振,,左安,,,,,2025/04/15,広島,1,2025RS
(三),高橋 周平,.250,4,0,1,0,0,0,0,0,0,0,0,,二ゴロ,,右飛,,左安,,二併打,,,,,2025/04/15,広島,1,2025RS
(遊),村松 開人,.154,2,0,0,0,0,1,1,0,0,0,0,,遊飛,,四球,,死球,,,左飛,,,,2025/04/15,広島,1,2025RS
(捕),木下 拓哉,.219,2,0,0,0,1,0,0,0,0,0,0,,投失,,空三振,,,,,,,,,2025/04/15,広島,1,2025RS
捕,石伊 雄太,.286,2,0,1,0,1,0,0,0,0,0,0,,,,,,二安,,,見三振,,,,2025/04/15,広島,0,2025RS
(投),マラー,.000,1,0,0,0,1,0,0,0,0,0,0,,空三振,,,,,,,,,,,2025/04/15,広島,1,2025RS
打,カリステ,.179,1,0,0,0,1,0,0,0,0,0,0,,,,空三振,,,,,,,,,2025/04/15,広島,0,2025RS
投,橋本 侑樹,-,0,0,0,0,0,0,0,0,0,0,0,,,,,,,,,,,,,2025/04/15,広島,0,2025RS
打,中田 翔,.208,1,0,0,0,1,0,0,0,0,0,0,,,,,,空三振,,,,,,,2025/04/15,広島,0,2025RS
投,藤嶋 健人,-,0,0,0,0,0,0,0,0,0,0,0,,,,,,,,,,,,,2025/04/15,広島,0,2025RS
投,祖父江 大輔,-,0,0,0,0,0,0,0,0,0,0,0,,,,,,,,,,,,,2025/04/15,広島,0,2025RS
投,岩嵜 翔,-,0,0,0,0,0,0,0,0,0,0,0,,,,,,,,,,,,,2025/04/15,広島,0,2025RS
打,ブライト 健太,.308,1,0,0,0,1,0,0,0,0,0,0,,,,,,,,,空三振,,,,2025/04/15,広島,0,2025RS
(中),岡林 勇希,.266,3,0,0,0,0,1,0,0,0,0,0,中飛,,,遊ゴロ,,左飛,,四球,,,,,2025/04/16,広島,1,2025RS
(二),樋口 正修,.000,3,0,0,0,2,0,0,0,0,0,0,二ゴロ,,,空三振,,,空三振,,,,,,2025/04/16,広島,1,2025RS
打,カリステ,.179,0,0,0,1,0,0,0,0,0,0,0,,,,,,,,中犠飛,,,,,2025/04/16,広島,0,2025RS
投,マルテ,-,0,0,0,0,0,0,0,0,0,0,0,,,,,,,,,,,,,2025/04/16,広島,0,2025RS
投,松山 晋也,-,0,0,0,0,0,0,0,0,0,0,0,,,,,,,,,,,,,2025/04/16,広島,0,2025RS
(左),上林 誠知,.262,4,0,1,0,2,0,0,0,0,0,0,空三振,,,左安,,,中飛,見三振,,,,,2025/04/16,広島,1,2025RS
(右),細川 成也,.174,3,1,1,0,1,1,0,0,0,0,0,,一飛,,空三振,,,左２,,四球,,,,2025/04/16,広島,1,2025RS
(一),ボスラー,.200,4,0,1,1,0,0,0,0,0,0,0,,一ゴロ,,,右飛,,右安,,三ゴロ,,,,2025/04/16,広島,1,2025RS
(三),高橋 周平,.182,3,0,0,0,0,1,0,0,0,0,0,,二ゴロ,,,二ゴロ,,左飛,,四球,,,,2025/04/16,広島,1,2025RS
(遊),村松 開人,.164,3,1,1,0,0,0,0,1,0,0,0,,,右飛,,二ゴロ,,,二安,投犠打,,,,2025/04/16,広島,1,2025RS
(捕),石伊 雄太,.200,3,0,0,0,1,0,0,1,0,0,0,,,右飛,,,右飛,,捕犠打,空三振,,,,2025/04/16,広島,1,2025RS
(投),柳 裕也,.400,2,0,0,0,0,0,0,0,0,0,0,,,遊ゴロ,,,遊ゴロ,,,,,,,2025/04/16,広島,1,2025RS
打,ブライト 健太,.308,0,0,0,0,0,1,0,0,0,0,0,,,,,,,,四球,,,,,2025/04/16,広島,0,2025RS
二,山本 泰寛,.071,0,0,0,0,0,0,0,0,0,0,0,,,,,,,,,,,,,2025/04/16,広島,0,2025RS
(中),岡林 勇希,.265,4,1,1,0,0,0,0,0,0,0,0,右安,一ゴロ,,,投ゴロ,,遊飛,,,,,,2025/04/19,DeNA,1,2025RS
(二),山本 泰寛,.176,3,0,2,0,1,0,0,1,0,0,0,投犠打,見三振,,,右安,,中安,,,,,,2025/04/19,DeNA,1,2025RS
(左),ブライト 健太,.294,4,1,1,0,2,0,0,0,0,0,0,遊安,,見三振,,空三振,,二邪飛,,,,,,2025/04/19,DeNA,1,2025RS
投,マルテ,-,0,0,0,0,0,0,0,0,0,0,0,,,,,,,,,,,,,2025/04/19,DeNA,0,2025RS
投,松山 晋也,-,0,0,0,0,0,0,0,0,0,0,0,,,,,,,,,,,,,2025/04/19,DeNA,0,2025RS
(右),細川 成也,.200,4,0,2,1,0,0,0,0,0,0,0,中安,,左２,,中飛,,,三ゴロ,,,,,2025/04/19,DeNA,1,2025RS
(三),カリステ,.190,3,0,1,1,0,0,0,0,0,0,0,中安,,二飛,,,遊ゴロ,,,,,,,2025/04/19,DeNA,1,2025RS
三,高橋 周平,.182,0,0,0,0,0,1,0,0,0,0,0,,,,,,,,四球,,,,,2025/04/19,DeNA,0,2025RS
(一),中田 翔,.214,4,1,1,1,0,0,0,0,0,0,1,三直,,捕邪飛,,,左本,,中飛,,,,,2025/04/19,DeNA,1,2025RS
(遊),村松 開人,.153,4,0,0,0,2,0,0,0,0,0,0,左邪飛,,,見三振,,二ゴロ,,空三振,,,,,2025/04/19,DeNA,1,2025RS
(捕),加藤 匠馬,.222,3,0,1,0,1,0,0,0,0,0,0,,二安,,投ゴロ,,空三振,,,,,,,2025/04/19,DeNA,1,2025RS
(投),髙橋 宏斗,.286,1,0,0,0,1,0,0,1,0,0,0,,投犠打,,空三振,,,,,,,,,2025/04/19,DeNA,1,2025RS
打左,上林 誠知,.256,1,0,0,0,0,0,0,0,0,0,0,,,,,,,遊ゴロ,,,,,,2025/04/19,DeNA,0,2025RS
(中),岡林 勇希,.264,4,0,1,0,0,0,0,0,0,0,0,二飛,,三邪飛,三邪飛,,,右安,,,,,,2025/04/20,DeNA,1,2025RS
(二),樋口 正修,.000,3,0,0,0,2,1,0,0,0,0,0,右飛,,四球,,空三振,,見三振,,,,,,2025/04/20,DeNA,1,2025RS
(左),上林 誠知,.234,4,0,0,0,1,0,0,0,0,0,0,空三振,,二飛,,一ゴロ,,三邪飛,,,,,,2025/04/20,DeNA,1,2025RS
(右),細川 成也,.185,4,0,0,0,2,0,0,0,0,0,0,,右飛,,見三振,空三振,,,中飛,,,,,2025/04/20,DeNA,1,2025RS
投,松山 晋也,-,0,0,0,0,0,0,0,0,0,1,0,,,,,,,,,,,,,2025/04/20,DeNA,0,2025RS
(三),高橋 周平,.200,4,1,1,0,1,0,0,0,0,0,0,,中飛,,右２,,三邪飛,,空三振,,,,,2025/04/20,DeNA,1,2025RS
(一),ボスラー,.222,3,1,1,1,1,1,0,0,0,0,1,,右本,,中飛,,四球,,見三振,,,,,2025/04/20,DeNA,1,2025RS
(遊),村松 開人,.148,2,0,0,0,0,1,0,0,0,0,0,,二ゴロ,,四球,,遊ゴロ,,,,,,,2025/04/20,DeNA,1,2025RS
(捕),木下 拓哉,.257,3,0,2,1,0,0,0,0,0,0,0,,,中安,左安,,二飛,,,,,,,2025/04/20,DeNA,1,2025RS
(投),松葉 貴大,.143,1,0,1,0,0,0,0,1,0,0,0,,,投犠打,左安,,,,,,,,,2025/04/20,DeNA,1,2025RS
投,清水 達也,-,0,0,0,0,0,0,0,0,0,0,0,,,,,,,,,,,,,2025/04/20,DeNA,0,2025RS
打,カリステ,.186,1,0,0,0,0,0,0,0,0,0,0,,,,,,,中飛,,,,,,2025/04/20,DeNA,0,2025RS
投,齋藤 綱記,-,0,0,0,0,0,0,0,0,0,0,0,,,,,,,,,,,,,2025/04/20,DeNA,0,2025RS
右,駿太,.143,0,0,0,0,0,0,0,0,0,0,0,,,,,,,,,,,,,2025/04/20,DeNA,0,2025RS
(中),岡林 勇希,.263,4,0,1,0,1,0,0,0,0,0,0,左安,,左飛,,,空三振,,,投ゴロ,,,,2025/04/22,巨人,1,2025RS
(二),山本 泰寛,.150,3,0,0,0,2,0,0,0,0,0,0,二飛,,空三振,,,空三振,,,,,,,2025/04/22,巨人,1,2025RS
打,上林 誠知,.229,1,0,0,0,0,0,0,0,0,0,0,,,,,,,,,右飛,,,,2025/04/22,巨人,0,2025RS
(左),ブライト 健太,.250,3,0,0,0,2,0,0,0,0,0,0,空三振,,,見三振,,二飛,,,,,,,2025/04/22,巨人,1,2025RS
打,高橋 周平,.250,1,0,1,0,0,0,0,0,0,0,0,,,,,,,,,左安,,,,2025/04/22,巨人,0,2025RS
(右),細川 成也,.190,4,0,1,0,1,0,0,0,0,0,0,右安,,,見三振,,,左飛,,三ゴロ,,,,2025/04/22,巨人,1,2025RS
(三),ボスラー,.190,3,0,0,0,1,0,0,0,0,0,0,遊ゴロ,,,一ゴロ,,,見三振,,,,,,2025/04/22,巨人,1,2025RS
(一),中田 翔,.226,3,1,1,1,1,0,0,0,0,0,1,,捕飛,,,左中本,,空三振,,,,,,2025/04/22,巨人,1,2025RS
(遊),村松 開人,.141,3,0,0,0,1,0,0,0,0,0,0,,中飛,,,三ゴロ,,,空三振,,,,,2025/04/22,巨人,1,2025RS
投,橋本 侑樹,-,0,0,0,0,0,0,0,0,0,0,0,,,,,,,,,,,,,2025/04/22,巨人,0,2025RS
(捕),石伊 雄太,.154,3,0,0,0,2,0,0,0,0,0,0,,見三振,,,右飛,,,空三振,,,,,2025/04/22,巨人,1,2025RS
(投),マラー,.000,1,0,0,0,1,0,0,0,0,0,0,,,空三振,,,,,,,,,,2025/04/22,巨人,1,2025RS
打,板山 祐太郎,.190,1,0,0,0,1,0,0,0,0,0,0,,,,,空三振,,,,,,,,2025/04/22,巨人,0,2025RS
投,勝野 昌慶,-,0,0,0,0,0,0,0,0,0,0,0,,,,,,,,,,,,,2025/04/22,巨人,0,2025RS
投,藤嶋 健人,-,0,0,0,0,0,0,0,0,0,0,0,,,,,,,,,,,,,2025/04/22,巨人,0,2025RS
打遊,辻本 倫太郎,.000,1,0,0,0,1,0,0,0,0,0,0,,,,,,,,空三振,,,,,2025/04/22,巨人,0,2025RS
(中),岡林 勇希,.247,5,0,0,0,0,0,0,0,0,0,0,遊ゴロ,,遊ゴロ,,三飛,,投ゴロ,,一ゴロ,,,,2025/04/23,巨人,1,2025RS
(左),ボスラー,.167,3,0,0,0,2,0,0,0,0,0,0,二飛,,空三振,,見三振,,,,,,,,2025/04/23,巨人,1,2025RS
打左,ブライト 健太,.238,1,0,0,0,1,0,0,0,0,0,0,,,,,,,見三振,,,,,,2025/04/23,巨人,0,2025RS
(三),高橋 周平,.368,3,0,3,0,0,1,0,0,0,1,0,四球,,,中安,右安,,,右安,,,,,2025/04/23,巨人,1,2025RS
走二,樋口 正修,.000,0,0,0,0,0,0,0,0,1,0,0,,,,,,,,,,,,,2025/04/23,巨人,0,2025RS
(右),細川 成也,.180,3,0,0,0,1,1,0,0,0,0,0,四球,,,中飛,右飛,,,空三振,,,,,2025/04/23,巨人,1,2025RS
(一),中田 翔,.229,4,0,1,0,1,0,0,0,0,0,0,三ゴロ,,,左安,,中飛,,空三振,,,,,2025/04/23,巨人,1,2025RS
(二三),板山 祐太郎,.217,4,0,2,0,1,0,0,0,0,0,0,,捕邪飛,,中安,,中安,,空三振,,,,,2025/04/23,巨人,1,2025RS
(捕),木下 拓哉,.231,4,0,0,0,2,0,0,0,0,0,0,,空三振,,三ゴロ,,三併打,,,空三振,,,,2025/04/23,巨人,1,2025RS
(投),柳 裕也,.286,2,0,0,0,0,0,0,0,0,0,0,,投ゴロ,,投ゴロ,,,,,,,,,2025/04/23,巨人,1,2025RS
投,清水 達也,-,0,0,0,0,0,0,0,0,0,0,0,,,,,,,,,,,,,2025/04/23,巨人,0,2025RS
打,カリステ,.182,1,0,0,0,1,0,0,0,0,0,0,,,,,,,空三振,,,,,,2025/04/23,巨人,0,2025RS
投,齋藤 綱記,-,0,0,0,0,0,0,0,0,0,0,0,,,,,,,,,,,,,2025/04/23,巨人,0,2025RS
投,藤嶋 健人,-,0,0,0,0,0,0,0,0,0,0,0,,,,,,,,,,,,,2025/04/23,巨人,0,2025RS
投,マルテ,-,0,0,0,0,0,0,0,0,0,0,0,,,,,,,,,,,,,2025/04/23,巨人,0,2025RS
打,上林 誠知,.245,1,0,1,0,0,0,0,0,0,0,0,,,,,,,,,右２,,,,2025/04/23,巨人,0,2025RS
(遊),村松 開人,.138,1,0,0,0,0,0,0,0,0,0,0,,,投ゴロ,,,,,,,,,,2025/04/23,巨人,1,2025RS
遊,山本 泰寛,.217,3,0,2,0,0,0,0,0,0,0,0,,,,,左安,,中２,,一邪飛,,,,2025/04/23,巨人,0,2025RS
(中),岡林 勇希,.259,4,1,2,0,0,1,0,0,0,0,0,遊ゴロ,,右安,四球,,,左飛,,右２,,,,2025/04/25,ヤクルト,1,2025RS
(左),上林 誠知,.259,5,1,2,3,0,0,0,0,0,0,1,中本,,中飛,右飛,,,二ゴロ,,右３,,,,2025/04/25,ヤクルト,1,2025RS
(一),ボスラー,.207,5,0,2,0,1,0,0,0,0,0,0,右安,,中安,,遊飛,,,空三振,一ゴロ,,,,2025/04/25,ヤクルト,1,2025RS
(右),細川 成也,.172,3,0,0,0,0,1,0,0,0,0,0,三ゴロ,,右飛,,右飛,,,四球,,,,,2025/04/25,ヤクルト,1,2025RS
(三),高橋 周平,.304,4,0,0,0,2,0,0,0,0,0,0,空三振,,,二失,一ゴロ,,,空三振,,,,,2025/04/25,ヤクルト,1,2025RS
(二),板山 祐太郎,.200,4,1,0,0,2,0,0,0,0,0,0,,空三振,,二ゴロ,,空三振,,左飛,,,,,2025/04/25,ヤクルト,1,2025RS
(遊),土田 龍空,.333,3,1,1,1,2,1,0,0,0,0,0,,空三振,,左２,,空三振,,,四球,,,,2025/04/25,ヤクルト,1,2025RS
(捕),加藤 匠馬,.200,1,0,0,0,0,0,0,0,0,0,0,,三邪飛,,,,,,,,,,,2025/04/25,ヤクルト,1,2025RS
打,カリステ,.200,1,0,1,0,0,0,0,0,0,0,0,,,,右安,,,,,,,,,2025/04/25,ヤクルト,0,2025RS
捕,木下 拓哉,.220,2,0,0,0,1,0,0,0,0,0,0,,,,,,左飛,,,空三振,,,,2025/04/25,ヤクルト,0,2025RS
(投),髙橋 宏斗,.250,1,0,0,0,1,0,0,0,0,0,0,,,空三振,,,,,,,,,,2025/04/25,ヤクルト,1,2025RS
投,橋本 侑樹,-,0,0,0,0,0,0,0,0,0,0,0,,,,,,,,,,,,,2025/04/25,ヤクルト,0,2025RS
打,中田 翔,.222,1,0,0,0,0,0,0,0,0,0,0,,,,三飛,,,,,,,,,2025/04/25,ヤクルト,0,2025RS
投,祖父江 大輔,-,0,0,0,0,0,0,0,0,0,0,0,,,,,,,,,,,,,2025/04/25,ヤクルト,0,2025RS
投,藤嶋 健人,-,0,0,0,0,0,0,0,0,0,0,0,,,,,,,,,,,,,2025/04/25,ヤクルト,0,2025RS
打,山本 泰寛,.208,1,0,0,0,0,0,0,0,0,0,0,,,,,,,三ゴロ,,,,,,2025/04/25,ヤクルト,0,2025RS
投,岩嵜 翔,-,0,0,0,0,0,0,0,0,0,0,0,,,,,,,,,,,,,2025/04/25,ヤクルト,0,2025RS
打,ブライト 健太,.227,1,0,0,0,1,0,0,0,0,0,0,,,,,,,,,空三振,,,,2025/04/25,ヤクルト,0,2025RS
(中),岡林 勇希,.281,4,2,3,0,0,1,0,0,0,0,0,中２,三邪飛,,右安,,遊安,,四球,,,,,2025/04/26,ヤクルト,1,2025RS
(二),山本 泰寛,.241,5,0,2,1,2,0,0,0,0,0,0,空三振,二飛,,左２,,一安,,空三振,,,,,2025/04/26,ヤクルト,1,2025RS
(左),上林 誠知,.268,2,1,1,0,0,1,0,0,1,0,0,一ゴロ,,左安,四球,,,,,,,,,2025/04/26,ヤクルト,1,2025RS
左,ブライト 健太,.208,2,0,0,0,1,0,0,0,0,0,0,,,,,,三ゴロ,,見三振,,,,,2025/04/26,ヤクルト,0,2025RS
(右),細川 成也,.162,4,0,0,0,2,0,0,0,0,0,0,三ゴロ,,二ゴロ,空三振,,空三振,,,,,,,2025/04/26,ヤクルト,1,2025RS
(一),カリステ,.204,4,1,1,1,1,0,0,0,0,0,0,,三失,右安,,空三振,,遊ゴロ,,,,,,2025/04/26,ヤクルト,1,2025RS
(三),ボスラー,.242,4,1,2,0,1,0,0,0,0,0,0,,中安,空三振,,中安,,二ゴロ,,,,,,2025/04/26,ヤクルト,1,2025RS
三,辻本 倫太郎,.000,0,0,0,0,0,0,0,0,0,0,0,,,,,,,,,,,,,2025/04/26,ヤクルト,0,2025RS
(遊),土田 龍空,.500,3,0,2,1,0,1,0,0,0,0,0,,右安,捕邪飛,,四球,,中２,,,,,,2025/04/26,ヤクルト,1,2025RS
(捕),木下 拓哉,.222,4,0,1,1,1,0,0,0,0,0,0,,投安,,遊ゴロ,空三振,,左飛,,,,,,2025/04/26,ヤクルト,1,2025RS
(投),松葉 貴大,.091,4,0,0,0,3,0,0,0,0,0,0,,バ三振,,空三振,一ゴロ,,,見三振,,,,,2025/04/26,ヤクルト,1,2025RS
投,松山 晋也,-,0,0,0,0,0,0,0,0,0,0,0,,,,,,,,,,,,,2025/04/26,ヤクルト,0,2025RS
(中),岡林 勇希,.277,5,1,1,0,0,0,0,0,0,0,0,二安,,二ゴロ,,遊飛,,,遊ゴロ,中飛,,,,2025/04/27,ヤクルト,1,2025RS
(二),山本 泰寛,.226,2,0,0,0,0,0,0,1,0,0,0,一犠打,,遊失,,二飛,,,,,,,,2025/04/27,ヤクルト,1,2025RS
投,橋本 侑樹,-,0,0,0,0,0,0,0,0,0,0,0,,,,,,,,,,,,,2025/04/27,ヤクルト,0,2025RS
投,藤嶋 健人,-,0,0,0,0,0,0,0,0,0,0,0,,,,,,,,,,,,,2025/04/27,ヤクルト,0,2025RS
打,ブライト 健太,.208,0,0,0,0,0,0,1,0,0,0,0,,,,,,,,死球,,,,,2025/04/27,ヤクルト,0,2025RS
投,近藤 廉,-,0,0,0,0,0,0,0,0,0,0,0,,,,,,,,,,,,,2025/04/27,ヤクルト,0,2025RS
(左),上林 誠知,.250,4,0,0,0,1,0,0,0,0,0,0,空三振,,三邪飛,,,右飛,,中飛,,,,,2025/04/27,ヤクルト,1,2025RS
(右),細川 成也,.169,3,1,1,0,1,1,0,0,0,0,0,四球,,三ゴロ,,,空三振,,中安,,,,,2025/04/27,ヤクルト,1,2025RS
(三),ボスラー,.270,4,0,2,2,0,0,0,0,0,0,0,左２,,,中飛,,右２,,右飛,,,,,2025/04/27,ヤクルト,1,2025RS
(一),中田 翔,.225,4,0,1,0,0,0,0,0,0,0,0,三ゴロ,,,左飛,,遊直,,,左安,,,,2025/04/27,ヤクルト,1,2025RS
(遊),土田 龍空,.300,4,0,0,0,1,0,0,0,0,0,0,,左飛,,空三振,,,一ゴロ,,三邪飛,,,,2025/04/27,ヤクルト,1,2025RS
(捕),木下 拓哉,.245,4,0,2,0,0,0,0,0,0,0,0,,右飛,,,左２,,一飛,,左安,,,,2025/04/27,ヤクルト,1,2025RS
(投),メヒア,.200,1,0,0,0,1,0,0,0,0,0,0,,空三振,,,,,,,,,,,2025/04/27,ヤクルト,1,2025RS
投,岩嵜 翔,-,0,0,0,0,0,0,0,0,0,0,0,,,,,,,,,,,,,2025/04/27,ヤクルト,0,2025RS
打二,板山 祐太郎,.196,1,0,0,0,0,0,0,0,0,0,0,,,,,二ゴロ,,,,,,,,2025/04/27,ヤクルト,0,2025RS
打二,辻本 倫太郎,.000,1,0,0,0,0,0,0,0,0,0,0,,,,,,,右飛,,,,,,2025/04/27,ヤクルト,0,2025RS
打,高橋 周平,.292,1,0,0,0,0,0,0,0,0,0,0,,,,,,,,,遊飛,,,,2025/04/27,ヤクルト,0,2025RS
(中),岡林 勇希,.265,4,0,0,0,0,0,0,0,0,0,0,遊飛,,右飛,,右飛,,三邪飛,,,,,,2025/04/29,阪神,1,2025RS
(二),板山 祐太郎,.200,4,1,1,1,1,0,0,0,0,0,0,空三振,,中飛,,右２,,遊ゴロ,,,,,,2025/04/29,阪神,1,2025RS
投,齋藤 綱記,-,0,0,0,0,0,0,0,0,0,0,0,,,,,,,,,,,,,2025/04/29,阪神,0,2025RS
三,高橋 周平,.292,0,0,0,0,0,0,0,0,0,0,0,,,,,,,,,,,,,2025/04/29,阪神,0,2025RS
(左),上林 誠知,.250,4,0,1,2,1,0,0,0,1,0,0,空三振,,,中飛,中安,,,中飛,,,,,2025/04/29,阪神,1,2025RS
(三),ボスラー,.275,3,0,1,0,1,1,0,0,0,0,0,,空三振,,右２,左邪飛,,,四球,,,,,2025/04/29,阪神,1,2025RS
走,樋口 正修,.000,0,0,0,0,0,0,0,0,0,0,0,,,,,,,,,,,,,2025/04/29,阪神,0,2025RS
投,松山 晋也,-,0,0,0,0,0,0,0,0,0,0,0,,,,,,,,,,,,,2025/04/29,阪神,0,2025RS
(一),中田 翔,.205,4,0,0,0,1,0,0,0,0,0,0,,遊飛,,空三振,,中飛,,一飛,,,,,2025/04/29,阪神,1,2025RS
(右),細川 成也,.176,3,1,1,1,2,1,0,0,0,0,1,,左本,,空三振,,四球,,見三振,,,,,2025/04/29,阪神,1,2025RS
(遊),土田 龍空,.231,3,0,0,0,1,0,0,0,0,0,0,,空三振,,,投ゴロ,二併打,,,,,,,2025/04/29,阪神,1,2025RS
(捕),木下 拓哉,.269,3,1,2,0,0,0,0,0,0,0,0,,,一邪飛,,左安,,中安,,,,,,2025/04/29,阪神,1,2025RS
(投),涌井 秀章,1.000,1,1,1,0,0,1,0,0,0,0,0,,,中安,,四球,,,,,,,,2025/04/29,阪神,1,2025RS
投,清水 達也,-,0,0,0,0,0,0,0,0,0,0,0,,,,,,,,,,,,,2025/04/29,阪神,0,2025RS
打二,山本 泰寛,.226,0,0,0,0,0,0,0,1,0,0,0,,,,,,,投犠打,,,,,,2025/04/29,阪神,0,2025RS
(中),岡林 勇希,.275,4,1,2,0,0,1,0,0,0,0,0,右３,,左２,,二ゴロ,,三邪飛,,四球,,,,2025/04/30,阪神,1,2025RS
(二),板山 祐太郎,.190,3,0,0,0,2,0,0,0,0,0,0,一ゴロ,,空三振,,,見三振,,,,,,,2025/04/30,阪神,1,2025RS
打二三,山本 泰寛,.242,2,0,1,0,0,0,0,0,0,0,0,,,,,,,,左安,投ゴロ,,,,2025/04/30,阪神,0,2025RS
(左),上林 誠知,.250,4,0,1,1,1,0,0,1,0,0,0,中安,,二ゴロ,,,空三振,,三犠打,,左飛,,,2025/04/30,阪神,1,2025RS
(三一),ボスラー,.250,4,1,0,0,1,0,1,0,0,0,0,二併打,,,右飛,,死球,,中飛,,空三振,,,2025/04/30,阪神,1,2025RS
(一),中田 翔,.191,3,1,0,0,0,2,0,0,0,0,0,,右飛,,遊ゴロ,,四球,,中飛,,四球,,,2025/04/30,阪神,1,2025RS
走二,樋口 正修,.000,0,0,0,0,0,0,0,0,0,0,0,,,,,,,,,,,,,2025/04/30,阪神,0,2025RS
(右),細川 成也,.195,3,1,2,0,1,2,0,0,0,0,0,,空三振,,四球,,四球,,,左安,,中安,,2025/04/30,阪神,1,2025RS
(遊),土田 龍空,.200,2,0,0,0,1,0,0,0,0,0,0,,中飛,,空三振,,,,,,,,,2025/04/30,阪神,1,2025RS
打,高橋 周平,.320,1,0,1,2,0,0,0,0,0,0,0,,,,,,右安,,,,,,,2025/04/30,阪神,0,2025RS
投,齋藤 綱記,-,0,0,0,0,0,0,0,0,0,0,0,,,,,,,,,,,,,2025/04/30,阪神,0,2025RS
投,マルテ,-,0,0,0,0,0,0,0,0,0,0,0,,,,,,,,,,,,,2025/04/30,阪神,0,2025RS
投,松山 晋也,-,0,0,0,0,0,0,0,0,0,0,0,,,,,,,,,,,,,2025/04/30,阪神,0,2025RS
打,駿太,.143,0,0,0,0,0,0,0,1,0,0,0,,,,,,,,,投犠打,,,,2025/04/30,阪神,0,2025RS
投,藤嶋 健人,-,0,0,0,0,0,0,0,0,0,0,0,,,,,,,,,,,,,2025/04/30,阪神,0,2025RS
投,清水 達也,-,0,0,0,0,0,0,0,0,0,0,0,,,,,,,,,,,,,2025/04/30,阪神,0,2025RS
打,加藤 匠馬,.200,0,0,0,0,0,0,0,1,0,0,0,,,,,,,,,,,投犠打,,2025/04/30,阪神,0,2025RS
(捕),木下 拓哉,.273,3,1,1,1,1,2,0,0,0,0,1,,,左本,,空三振,,二飛,,故意四,,故意四,,2025/04/30,阪神,1,2025RS
(投),大野 雄大,.000,2,0,0,0,0,0,0,0,0,0,0,,,二ゴロ,,二ゴロ,,,,,,,,2025/04/30,阪神,1,2025RS
投,祖父江 大輔,-,0,0,0,0,0,0,0,0,0,0,0,,,,,,,,,,,,,2025/04/30,阪神,0,2025RS
遊,ロドリゲス,.000,1,0,0,0,1,0,0,1,0,0,0,,,,,,,空三振,,投犠打,,,,2025/04/30,阪神,0,2025RS
打,カリステ,.204,0,0,0,1,0,0,0,0,0,0,0,,,,,,,,,,,中犠飛,,2025/04/30,阪神,0,2025RS
(中),岡林 勇希,.274,4,1,1,0,0,0,0,0,0,0,0,遊ゴロ,,二ゴロ,,左２,,左飛,,,,,,2025/05/01,阪神,1,2025RS
(二),山本 泰寛,.222,3,0,0,0,0,0,0,1,0,0,0,中飛,,中飛,,投犠打,,中飛,,,,,,2025/05/01,阪神,1,2025RS
(左),上林 誠知,.254,3,1,1,0,1,0,1,0,0,0,0,見三振,,,左安,死球,,,右飛,,,,,2025/05/01,阪神,1,2025RS
(一),カリステ,.245,4,1,3,0,0,0,0,0,0,0,0,,中安,,中安,一邪飛,,,中安,,,,,2025/05/01,阪神,1,2025RS
(三),高橋 周平,.310,4,0,1,1,1,0,0,0,0,0,0,,二ゴロ,,右２,,空三振,,中飛,,,,,2025/05/01,阪神,1,2025RS
(右),細川 成也,.200,3,0,1,1,0,1,0,0,0,0,0,,四球,,遊安,,三直,,左飛,,,,,2025/05/01,阪神,1,2025RS
(捕),木下 拓哉,.263,2,0,0,0,2,1,0,0,0,0,0,,空三振,,見三振,,四球,,,,,,,2025/05/01,阪神,1,2025RS
(遊),土田 龍空,.167,3,0,0,0,1,0,0,0,0,0,0,,見三振,,左飛,,右飛,,,,,,,2025/05/01,阪神,1,2025RS
(投),三浦 瑞樹,.000,2,0,0,0,0,0,0,0,0,0,0,,,二飛,二ゴロ,,,,,,,,,2025/05/01,阪神,1,2025RS
投,近藤 廉,-,0,0,0,0,0,0,0,0,0,0,0,,,,,,,,,,,,,2025/05/01,阪神,0,2025RS
投,橋本 侑樹,-,0,0,0,0,0,0,0,0,0,0,0,,,,,,,,,,,,,2025/05/01,阪神,0,2025RS
打,板山 祐太郎,.203,1,0,1,0,0,0,0,0,0,0,0,,,,,,,右安,,,,,,2025/05/01,阪神,0,2025RS
走,樋口 正修,.000,0,0,0,0,0,0,0,0,0,0,0,,,,,,,,,,,,,2025/05/01,阪神,0,2025RS
投,藤嶋 健人,-,0,0,0,0,0,0,0,0,0,0,0,,,,,,,,,,,,,2025/05/01,阪神,0,2025RS
投,マルテ,-,0,0,0,0,0,0,0,0,0,0,0,,,,,,,,,,,,,2025/05/01,阪神,0,2025RS
(中),岡林 勇希,.273,4,1,1,0,0,1,0,0,1,0,0,二ゴロ,,四球,三ゴロ,,左安,,三邪飛,,,,,2025/05/02,広島,1,2025RS
(二),山本 泰寛,.244,5,1,2,0,1,0,0,0,0,0,0,左安,,左安,,空三振,遊ゴロ,,一邪飛,,,,,2025/05/02,広島,1,2025RS
(左),上林 誠知,.276,5,2,3,0,2,0,0,0,1,0,0,空三振,,右安,,右２,,空三振,,右安,,,,2025/05/02,広島,1,2025RS
(三),ボスラー,.265,5,0,2,2,1,0,0,0,0,0,0,遊ゴロ,,左２,,右飛,,右安,,暴振逃,,,,2025/05/02,広島,1,2025RS
(一),カリステ,.259,5,0,2,2,1,0,0,0,0,0,0,,投ゴロ,左安,,右安,,空三振,,遊併打,,,,2025/05/02,広島,1,2025RS
(右),細川 成也,.205,3,0,1,0,0,0,1,0,0,0,0,,右２,投ゴロ,,左飛,,死球,,,,,,2025/05/02,広島,1,2025RS
走右,駿太,.125,1,0,0,0,1,0,0,0,0,0,0,,,,,,,,,空三振,,,,2025/05/02,広島,0,2025RS
(捕),木下 拓哉,.262,4,0,1,0,0,0,0,0,0,0,0,,遊ゴロ,三ゴロ,,,左安,二ゴロ,,,,,,2025/05/02,広島,1,2025RS
(遊),土田 龍空,.136,4,0,0,0,0,0,0,0,0,0,0,,一飛,,左飛,,二ゴロ,,一ゴロ,,,,,2025/05/02,広島,1,2025RS
(投),髙橋 宏斗,.182,3,0,0,0,2,0,0,0,0,0,0,,,見三振,二ゴロ,,空三振,,,,,,,2025/05/02,広島,1,2025RS
打,高橋 周平,.333,1,0,1,0,0,0,0,0,0,0,0,,,,,,,,左安,,,,,2025/05/02,広島,0,2025RS
走,樋口 正修,.000,0,0,0,0,0,0,0,0,1,0,0,,,,,,,,,,,,,2025/05/02,広島,0,2025RS
投,齋藤 綱記,-,0,0,0,0,0,0,0,0,0,0,0,,,,,,,,,,,,,2025/05/02,広島,0,2025RS
投,松山 晋也,-,0,0,0,0,0,0,0,0,0,0,0,,,,,,,,,,,,,2025/05/02,広島,0,2025RS
(中),岡林 勇希,.272,4,0,1,0,0,0,0,0,0,0,0,一直,,三ゴロ,,,二安,,,一ゴロ,,,,2025/05/03,広島,1,2025RS
(二),山本 泰寛,.227,3,0,0,0,0,0,0,0,0,0,0,投ゴロ,,,二ゴロ,,投ゴロ,,,,,,,2025/05/03,広島,1,2025RS
打,細川 成也,.205,0,0,0,0,0,1,0,0,0,0,0,,,,,,,,,四球,,,,2025/05/03,広島,0,2025RS
(右),上林 誠知,.275,4,0,1,0,0,0,0,0,0,0,0,一ゴロ,,,二飛,,,三安,,中飛,,,,2025/05/03,広島,1,2025RS
(三),ボスラー,.250,3,0,0,0,0,0,0,0,0,0,0,,三飛,,左飛,,,右飛,,,,,,2025/05/03,広島,1,2025RS
(左),カリステ,.246,3,0,0,0,0,0,0,0,0,0,0,,投ゴロ,,,三ゴロ,,遊併打,,,,,,2025/05/03,広島,1,2025RS
(一),中田 翔,.200,3,0,1,0,0,0,0,0,0,0,0,,中安,,,三ゴロ,,,中飛,,,,,2025/05/03,広島,1,2025RS
(捕),木下 拓哉,.250,3,0,0,0,0,0,0,0,0,0,0,,左飛,,,右飛,,,三ゴロ,,,,,2025/05/03,広島,1,2025RS
(遊),土田 龍空,.125,2,0,0,0,0,0,0,0,0,1,0,,,右飛,,,右飛,,,,,,,2025/05/03,広島,1,2025RS
打,ブライト 健太,.200,1,0,0,0,0,0,0,0,0,0,0,,,,,,,,三ゴロ,,,,,2025/05/03,広島,0,2025RS
遊,ロドリゲス,.000,0,0,0,0,0,0,0,0,0,0,0,,,,,,,,,,,,,2025/05/03,広島,0,2025RS
(投),松葉 貴大,.077,2,0,0,0,0,0,0,0,0,0,0,,,遊ゴロ,,,二ゴロ,,,,,,,2025/05/03,広島,1,2025RS
投,根尾 昂,-,0,0,0,0,0,0,0,0,0,0,0,,,,,,,,,,,,,2025/05/03,広島,0,2025RS
打,高橋 周平,.323,1,0,0,0,0,0,0,0,0,0,0,,,,,,,,,遊ゴロ,,,,2025/05/03,広島,0,2025RS
(中),岡林 勇希,.274,3,2,1,0,0,2,0,0,1,0,0,中飛,,四球,,右安,,四球,,遊飛,,,,2025/05/04,広島,1,2025RS
(二遊),山本 泰寛,.229,4,0,1,1,0,0,0,0,0,0,0,二飛,,遊飛,,左安,,三ゴロ,,,,,,2025/05/04,広島,1,2025RS
(左),上林 誠知,.298,4,0,3,2,0,0,0,0,1,0,0,右安,,左安,,中安,,一ゴロ,,,,,,2025/05/04,広島,1,2025RS
(三),ボスラー,.250,4,0,1,0,0,0,0,0,0,0,0,一ゴロ,,遊飛,,左飛,,,中安,,,,,2025/05/04,広島,1,2025RS
(一),カリステ,.246,4,1,1,0,2,0,0,0,0,0,0,,右２,,空三振,右飛,,,空三振,,,,,2025/05/04,広島,1,2025RS
(右),細川 成也,.195,4,0,0,0,3,0,0,0,0,0,0,,空三振,,中飛,,見三振,,空三振,,,,,2025/05/04,広島,1,2025RS
(捕),木下 拓哉,.258,2,0,1,1,1,0,0,0,0,0,0,,中安,,空三振,,,,,,,,,2025/05/04,広島,1,2025RS
投,藤嶋 健人,-,0,0,0,0,0,0,0,0,0,0,0,,,,,,,,,,,,,2025/05/04,広島,0,2025RS
打二,板山 祐太郎,.197,2,0,0,0,0,0,0,0,0,0,0,,,,,,右飛,,中飛,,,,,2025/05/04,広島,0,2025RS
(遊),土田 龍空,.111,3,0,0,0,1,0,0,0,0,0,0,,二併打,,,二ゴロ,空三振,,,,,,,2025/05/04,広島,1,2025RS
投,橋本 侑樹,-,0,0,0,0,0,0,0,0,0,0,0,,,,,,,,,,,,,2025/05/04,広島,0,2025RS
投,近藤 廉,-,0,0,0,0,0,0,0,0,0,0,0,,,,,,,,,,,,,2025/05/04,広島,0,2025RS
投,根尾 昂,-,0,0,0,0,0,0,0,0,0,0,0,,,,,,,,,,,,,2025/05/04,広島,0,2025RS
打,高橋 周平,.313,1,0,0,0,0,0,0,0,0,0,0,,,,,,,,,遊ゴロ,,,,2025/05/04,広島,0,2025RS
(投),岡田 俊哉,.000,1,0,0,0,1,0,0,0,0,0,0,,,空三振,,,,,,,,,,2025/05/04,広島,1,2025RS
投,祖父江 大輔,-,0,0,0,0,0,0,0,0,0,0,0,,,,,,,,,,,,,2025/05/04,広島,0,2025RS
捕,石伊 雄太,.188,3,1,1,0,1,0,0,0,0,0,0,,,,,中安,,遊ゴロ,,空三振,,,,2025/05/04,広島,0,2025RS
(中),岡林 勇希,.269,2,0,0,0,0,2,0,0,1,0,0,二ゴロ,,四球,,,四球,,遊ゴロ,,,,,2025/05/05,DeNA,1,2025RS
(二),山本 泰寛,.212,4,0,0,0,2,0,0,0,0,0,0,右飛,,三ゴロ,,,空三振,,,空三振,,,,2025/05/05,DeNA,1,2025RS
(左右),上林 誠知,.284,4,0,0,0,1,0,0,0,0,0,0,一直,,,二飛,,空三振,,,三邪飛,,,,2025/05/05,DeNA,1,2025RS
(三),カリステ,.246,4,0,1,0,0,0,0,0,0,0,0,,中飛,,三ゴロ,,,左安,,右飛,,,,2025/05/05,DeNA,1,2025RS
(一),中田 翔,.189,3,0,0,0,1,0,0,0,0,0,0,,空三振,,遊ゴロ,,,遊併打,,,,,,2025/05/05,DeNA,1,2025RS
(右),細川 成也,.191,2,0,0,0,0,0,0,0,0,0,0,,三ゴロ,,,遊ゴロ,,,,,,,,2025/05/05,DeNA,1,2025RS
左,鵜飼 航丞,1.000,1,0,1,0,0,0,0,0,0,0,0,,,,,,,右安,,,,,,2025/05/05,DeNA,0,2025RS
(捕),木下 拓哉,.265,2,1,1,1,0,1,0,0,0,0,1,,,左本,,四球,,中飛,,,,,,2025/05/05,DeNA,1,2025RS
(遊),ロドリゲス,.000,3,0,0,0,0,0,0,0,0,1,0,,,遊ゴロ,,投併打,,,三飛,,,,,2025/05/05,DeNA,1,2025RS
(投),金丸 夢斗,.000,1,0,0,0,1,0,0,0,0,0,0,,,空三振,,,,,,,,,,2025/05/05,DeNA,1,2025RS
打,高橋 周平,.303,1,0,0,0,0,0,0,0,0,0,0,,,,,,一ゴロ,,,,,,,2025/05/05,DeNA,0,2025RS
投,橋本 侑樹,-,0,0,0,0,0,0,0,0,0,0,0,,,,,,,,,,,,,2025/05/05,DeNA,0,2025RS
投,清水 達也,-,0,0,0,0,0,0,0,0,0,0,0,,,,,,,,,,,,,2025/05/05,DeNA,0,2025RS
打,ボスラー,.246,1,0,0,0,1,0,0,0,0,0,0,,,,,,,,見三振,,,,,2025/05/05,DeNA,0,2025RS
投,マルテ,-,0,0,0,0,0,0,0,0,0,0,0,,,,,,,,,,,,,2025/05/05,DeNA,0,2025RS
(中),岡林 勇希,.268,4,0,1,0,1,0,0,0,0,0,0,二ゴロ,,中安,,,右飛,,見三振,,,,,2025/05/06,DeNA,1,2025RS
(遊),田中 幹也,.333,3,0,1,0,0,0,0,0,0,0,0,三ゴロ,,遊ゴロ,,,右安,,,,,,,2025/05/06,DeNA,1,2025RS
打,ボスラー,.241,1,0,0,0,0,0,0,0,0,0,0,,,,,,,,二直,,,,,2025/05/06,DeNA,0,2025RS
投,梅野 雄吾,-,0,0,0,0,0,0,0,0,0,0,0,,,,,,,,,,,,,2025/05/06,DeNA,0,2025RS
(右),上林 誠知,.272,4,0,0,0,1,0,0,0,0,0,0,空三振,,,捕邪飛,,右邪飛,,,三邪飛,,,,2025/05/06,DeNA,1,2025RS
(一),カリステ,.247,4,0,1,0,0,0,0,0,0,0,0,,投ゴロ,,中安,,,三飛,,二ゴロ,,,,2025/05/06,DeNA,1,2025RS
(三),高橋 周平,.297,4,0,1,0,1,0,0,0,0,0,0,,二ゴロ,,見三振,,,右安,,中飛,,,,2025/05/06,DeNA,1,2025RS
(左),鵜飼 航丞,.500,3,0,1,0,0,0,0,0,1,0,0,,三安,,,左飛,,一失,,,,,,2025/05/06,DeNA,1,2025RS
(二),板山 祐太郎,.188,3,0,0,0,1,0,0,0,0,0,0,,空三振,,,中飛,,二ゴロ,,,,,,2025/05/06,DeNA,1,2025RS
(捕),木下 拓哉,.254,3,0,0,0,1,0,0,0,0,0,0,,,空三振,,右飛,,中飛,,,,,,2025/05/06,DeNA,1,2025RS
(投),涌井 秀章,.500,1,0,0,0,0,0,0,0,0,0,0,,,三ゴロ,,,,,,,,,,2025/05/06,DeNA,1,2025RS
打,大島 洋平,.000,1,0,0,0,1,0,0,0,0,0,0,,,,,,空三振,,,,,,,2025/05/06,DeNA,0,2025RS
投,根尾 昂,-,0,0,0,0,0,0,0,0,0,0,0,,,,,,,,,,,,,2025/05/06,DeNA,0,2025RS
投,勝野 昌慶,-,0,0,0,0,0,0,0,0,0,0,0,,,,,,,,,,,,,2025/05/06,DeNA,0,2025RS
打遊,山本 泰寛,.226,1,0,1,0,0,0,0,0,0,0,0,,,,,,,,左安,,,,,2025/05/06,DeNA,0,2025RS
(中),岡林 勇希,.260,4,0,0,0,0,0,0,0,0,0,0,遊飛,左邪飛,,,投ゴロ,,遊ゴロ,,,,,,2025/05/07,DeNA,1,2025RS
(二),山本 泰寛,.228,4,1,1,0,0,0,0,0,0,0,0,遊安,,二飛,,二ゴロ,,,右飛,,,,,2025/05/07,DeNA,1,2025RS
(右),上林 誠知,.281,4,1,2,2,1,0,0,0,0,0,1,右中本,,二飛,,中安,,,空三振,,,,,2025/05/07,DeNA,1,2025RS
(三),ボスラー,.246,3,0,1,0,1,1,0,0,0,0,0,右安,,空三振,,右飛,,,四球,,,,,2025/05/07,DeNA,1,2025RS
(一),中田 翔,.179,3,0,0,0,2,1,0,0,0,0,0,空三振,,,四球,,捕邪飛,,空三振,,,,,2025/05/07,DeNA,1,2025RS
(左),鵜飼 航丞,.286,3,0,0,0,1,0,0,0,0,0,0,空三振,,,遊ゴロ,,投ゴロ,,,,,,,2025/05/07,DeNA,1,2025RS
(捕),木下 拓哉,.243,3,0,0,0,1,0,0,0,0,0,0,,三ゴロ,,空三振,,遊ゴロ,,,,,,,2025/05/07,DeNA,1,2025RS
(遊),土田 龍空,.167,3,0,2,0,0,0,0,0,0,0,0,,右安,,右安,,,一ゴロ,,,,,,2025/05/07,DeNA,1,2025RS
(投),大野 雄大,.000,1,0,0,0,0,0,0,1,0,0,0,,投犠打,,三ゴロ,,,,,,,,,2025/05/07,DeNA,1,2025RS
投,清水 達也,-,0,0,0,0,0,0,0,0,0,0,0,,,,,,,,,,,,,2025/05/07,DeNA,0,2025RS
打,高橋 周平,.289,1,0,0,0,0,0,0,0,0,0,0,,,,,,,中飛,,,,,,2025/05/07,DeNA,0,2025RS
投,マルテ,-,0,0,0,0,0,0,0,0,0,0,0,,,,,,,,,,,,,2025/05/07,DeNA,0,2025RS
投,松山 晋也,-,0,0,0,0,0,0,0,0,0,0,0,,,,,,,,,,,,,2025/05/07,DeNA,0,2025RS
(中),岡林 勇希,.267,4,0,2,0,0,0,0,0,0,0,0,左安,,中安,,,左飛,,投ゴロ,,,,,2025/05/10,阪神,1,2025RS
(二),田中 幹也,.333,3,0,1,0,0,0,0,1,0,0,0,投犠打,,右飛,,,中安,,,遊ゴロ,,,,2025/05/10,阪神,1,2025RS
(右),上林 誠知,.300,4,0,3,0,1,0,0,0,1,0,0,右安,,,右安,,空三振,,,右安,,,,2025/05/10,阪神,1,2025RS
(一),ボスラー,.231,4,0,0,0,0,0,0,0,0,0,0,二ゴロ,,,三飛,,右飛,,,二併打,,,,2025/05/10,阪神,1,2025RS
(三),高橋 周平,.293,3,0,1,0,0,0,0,0,0,0,0,,左飛,,右飛,,,右安,,,,,,2025/05/10,阪神,1,2025RS
(左),鵜飼 航丞,.200,3,0,0,0,1,0,0,0,0,0,0,,捕邪飛,,空三振,,,三併打,,,,,,2025/05/10,阪神,1,2025RS
(捕),木下 拓哉,.234,3,0,0,0,1,0,0,0,0,0,0,,空三振,,,遊飛,,遊ゴロ,,,,,,2025/05/10,阪神,1,2025RS
(遊),土田 龍空,.156,2,0,0,0,0,0,0,0,0,0,0,,,一ゴロ,,中飛,,,,,,,,2025/05/10,阪神,1,2025RS
打,大島 洋平,.000,1,0,0,0,0,0,0,0,0,0,0,,,,,,,,右飛,,,,,2025/05/10,阪神,0,2025RS
遊,山本 泰寛,.228,0,0,0,0,0,0,0,0,0,0,0,,,,,,,,,,,,,2025/05/10,阪神,0,2025RS
(投),髙橋 宏斗,.154,2,0,0,0,1,0,0,0,0,0,0,,,空三振,,投ゴロ,,,,,,,,2025/05/10,阪神,1,2025RS
打,宇佐見 真吾,.000,1,0,0,0,1,0,0,0,0,0,0,,,,,,,,空三振,,,,,2025/05/10,阪神,0,2025RS
投,藤嶋 健人,-,0,0,0,0,0,0,0,0,0,0,0,,,,,,,,,,,,,2025/05/10,阪神,0,2025RS
(中),岡林 勇希,.267,4,0,1,0,0,0,0,0,0,0,0,左飛,,投ゴロ,,,中安,,右飛,,,,,2025/05/11,阪神,1,2025RS
(左),カリステ,.247,4,0,1,0,1,0,0,0,0,0,0,見三振,,,左飛,,投ゴロ,,左安,,,,,2025/05/11,阪神,1,2025RS
(右),上林 誠知,.288,4,0,0,0,0,0,0,0,0,0,0,投ゴロ,,,遊ゴロ,,右飛,,右飛,,,,,2025/05/11,阪神,1,2025RS
(一),中田 翔,.169,3,0,0,0,0,1,0,0,0,0,0,,三ゴロ,,三邪飛,,四球,,,遊ゴロ,,,,2025/05/11,阪神,1,2025RS
(三),高橋 周平,.267,4,0,0,0,1,0,0,0,0,0,0,,右飛,,,右飛,一ゴロ,,,空三振,,,,2025/05/11,阪神,1,2025RS
(二),田中 幹也,.400,4,0,2,0,0,0,0,0,0,0,0,,右２,,,左飛,,遊ゴロ,,遊安,,,,2025/05/11,阪神,1,2025RS
(捕),木下 拓哉,.235,4,0,1,0,0,0,0,0,0,0,0,,二ゴロ,,,右安,,二ゴロ,,遊飛,,,,2025/05/11,阪神,1,2025RS
(遊),土田 龍空,.143,3,0,0,0,2,0,0,0,0,0,0,,,左飛,,空三振,,空三振,,,,,,2025/05/11,阪神,1,2025RS
(投),松葉 貴大,.071,1,0,0,0,0,0,0,0,0,0,0,,,遊ゴロ,,,,,,,,,,2025/05/11,阪神,1,2025RS
打,鵜飼 航丞,.273,1,0,1,0,0,0,0,0,0,0,0,,,,,,左安,,,,,,,2025/05/11,阪神,0,2025RS
投,清水 達也,-,0,0,0,0,0,0,0,0,0,0,0,,,,,,,,,,,,,2025/05/11,阪神,0,2025RS
投,齋藤 綱記,-,0,0,0,0,0,0,0,0,0,0,0,,,,,,,,,,,,,2025/05/11,阪神,0,2025RS
打,大島 洋平,.000,1,0,0,0,0,0,0,0,0,0,0,,,,,,,,遊ゴロ,,,,,2025/05/11,阪神,0,2025RS
投,勝野 昌慶,-,0,0,0,0,0,0,0,0,0,0,0,,,,,,,,,,,,,2025/05/11,阪神,0,2025RS
(中),岡林 勇希,.266,4,1,1,1,1,0,0,0,0,0,0,三失,二ゴロ,,右犠飛,見三振,,,左安,,,,,2025/05/13,ヤクルト,1,2025RS
(左),鵜飼 航丞,.313,5,0,2,0,0,0,0,0,0,0,0,左安,,右飛,右飛,,右飛,,右安,,,,,2025/05/13,ヤクルト,1,2025RS
(右),上林 誠知,.275,5,1,0,0,2,0,0,0,0,0,0,遊ゴロ,,空三振,,左失,空三振,,捕ゴロ,,,,,2025/05/13,ヤクルト,1,2025RS
(三),ボスラー,.229,5,0,1,0,2,0,0,0,0,0,0,遊飛,,右安,,中飛,見三振,,空三振,,,,,2025/05/13,ヤクルト,1,2025RS
(一),カリステ,.259,4,1,2,1,0,1,0,0,0,0,0,四球,,遊ゴロ,,三安,,左２,遊ゴロ,,,,,2025/05/13,ヤクルト,1,2025RS
(二),田中 幹也,.462,3,1,2,1,0,0,0,1,0,0,0,右安,,,左安,右飛,,投犠打,,,,,,2025/05/13,ヤクルト,1,2025RS
(捕),宇佐見 真吾,.500,3,1,2,0,0,1,0,0,0,0,0,中飛,,,左安,右安,,四球,,,,,,2025/05/13,ヤクルト,1,2025RS
走捕,加藤 匠馬,.200,0,0,0,0,0,0,0,0,0,0,0,,,,,,,,,,,,,2025/05/13,ヤクルト,0,2025RS
(遊),山本 泰寛,.233,3,0,1,1,0,0,0,1,0,0,0,,右飛,,一犠打,右安,,一邪飛,,,,,,2025/05/13,ヤクルト,1,2025RS
(投),三浦 瑞樹,.000,1,0,0,0,0,0,0,0,0,1,0,,二ゴロ,,,,,,,,,,,2025/05/13,ヤクルト,1,2025RS
打,板山 祐太郎,.188,0,0,0,0,0,1,0,0,0,0,0,,,,四球,,,,,,,,,2025/05/13,ヤクルト,0,2025RS
投,勝野 昌慶,-,0,0,0,0,0,0,0,0,0,0,0,,,,,,,,,,,,,2025/05/13,ヤクルト,0,2025RS
打,大島 洋平,.077,1,0,1,1,0,0,0,0,0,0,0,,,,,右安,,,,,,,,2025/05/13,ヤクルト,0,2025RS
投,藤嶋 健人,-,0,0,0,0,0,0,0,0,0,0,0,,,,,,,,,,,,,2025/05/13,ヤクルト,0,2025RS
投,清水 達也,-,0,0,0,0,0,0,0,0,0,0,0,,,,,,,,,,,,,2025/05/13,ヤクルト,0,2025RS
打,高橋 周平,.261,1,0,0,0,0,0,0,0,0,0,0,,,,,,,中飛,,,,,,2025/05/13,ヤクルト,0,2025RS
投,マルテ,-,0,0,0,0,0,0,0,0,0,0,0,,,,,,,,,,,,,2025/05/13,ヤクルト,0,2025RS
投,松山 晋也,-,0,0,0,0,0,0,0,0,0,0,0,,,,,,,,,,,,,2025/05/13,ヤクルト,0,2025RS
(中),岡林 勇希,.270,2,2,1,0,0,1,0,1,0,0,0,四球,,二ゴロ,,,投犠打,,左２,,,,,2025/05/14,ヤクルト,1,2025RS
(左),鵜飼 航丞,.278,2,0,0,0,1,0,0,0,0,0,0,空三振,,三ゴロ,,,,,,,,,,2025/05/14,ヤクルト,1,2025RS
打,高橋 周平,.255,1,0,0,0,1,0,0,0,0,0,0,,,,,,見三振,,,,,,,2025/05/14,ヤクルト,0,2025RS
投,マルテ,-,0,0,0,0,0,0,0,0,0,0,0,,,,,,,,,,,,,2025/05/14,ヤクルト,0,2025RS
投,齋藤 綱記,-,0,0,0,0,0,0,0,0,0,0,0,,,,,,,,,,,,,2025/05/14,ヤクルト,0,2025RS
打左,ブライト 健太,.231,1,0,1,1,0,0,0,0,0,0,0,,,,,,,,右３,,,,,2025/05/14,ヤクルト,0,2025RS
(右),上林 誠知,.277,3,0,1,1,0,1,0,0,0,0,0,右３,,,二直,,故意四,,一ゴロ,,,,,2025/05/14,ヤクルト,1,2025RS
(三),ボスラー,.219,3,0,0,0,1,0,0,0,0,0,0,二ゴロ,,,見三振,,右飛,,,,,,,2025/05/14,ヤクルト,1,2025RS
(一),カリステ,.250,3,0,0,0,2,0,0,0,0,0,0,空三振,,,空三振,,,左飛,,,,,,2025/05/14,ヤクルト,1,2025RS
(二),田中 幹也,.375,3,0,0,0,0,0,0,0,0,0,0,,遊ゴロ,,,一ゴロ,,中飛,,,,,,2025/05/14,ヤクルト,1,2025RS
(捕),宇佐見 真吾,.286,3,0,0,0,1,0,0,0,0,0,0,,空三振,,,遊ゴロ,,遊飛,,,,,,2025/05/14,ヤクルト,1,2025RS
捕,加藤 匠馬,.200,0,0,0,0,0,0,0,0,0,0,0,,,,,,,,,,,,,2025/05/14,ヤクルト,0,2025RS
(遊),山本 泰寛,.222,3,0,0,0,1,0,0,0,0,0,0,,三ゴロ,,,一ゴロ,,,空三振,,,,,2025/05/14,ヤクルト,1,2025RS
(投),涌井 秀章,.333,1,0,0,0,1,0,0,0,0,0,0,,,見三振,,,,,,,,,,2025/05/14,ヤクルト,1,2025RS
打左,大島 洋平,.133,2,0,1,0,0,0,0,0,0,0,0,,,,,,遊安,,一ゴロ,,,,,2025/05/14,ヤクルト,0,2025RS
投,松山 晋也,-,0,0,0,0,0,0,0,0,0,0,0,,,,,,,,,,,,,2025/05/14,ヤクルト,0,2025RS
(中),岡林 勇希,.276,4,0,2,0,0,0,0,0,0,0,0,中安,,左２,,投ゴロ,,,一ゴロ,,,,,2025/05/16,巨人,1,2025RS
(左),鵜飼 航丞,.227,4,0,0,0,3,0,0,0,0,0,0,見三振,,二ゴロ,,,見三振,,空三振,,,,,2025/05/16,巨人,1,2025RS
(右),上林 誠知,.284,4,2,2,2,0,0,0,0,0,0,2,二ゴロ,,一ゴロ,,,右中本,,中本,,,,,2025/05/16,巨人,1,2025RS
(一),カリステ,.239,4,0,0,0,1,0,0,0,0,0,0,投ゴロ,,,遊ゴロ,,遊ゴロ,,空三振,,,,,2025/05/16,巨人,1,2025RS
(三),ボスラー,.208,4,0,0,0,2,0,0,0,0,0,0,,右飛,,空三振,,空三振,,,中飛,,,,2025/05/16,巨人,1,2025RS
(二),田中 幹也,.400,4,0,2,0,1,0,0,0,0,0,0,,左安,,右２,,,遊ゴロ,,空三振,,,,2025/05/16,巨人,1,2025RS
(捕),木下 拓哉,.226,3,0,0,0,0,0,0,0,0,0,0,,左飛,,左飛,,,一飛,,,,,,2025/05/16,巨人,1,2025RS
打,宇佐見 真吾,.286,0,0,0,0,0,1,0,0,0,0,0,,,,,,,,,四球,,,,2025/05/16,巨人,0,2025RS
(遊),山本 泰寛,.227,3,0,1,0,0,0,0,0,0,0,0,,遊ゴロ,,,二ゴロ,,二安,,,,,,2025/05/16,巨人,1,2025RS
打,大島 洋平,.125,1,0,0,0,0,0,0,0,0,0,0,,,,,,,,,遊ゴロ,,,,2025/05/16,巨人,0,2025RS
(投),金丸 夢斗,.000,2,0,0,0,1,0,0,0,0,0,0,,,三ゴロ,,空三振,,,,,,,,2025/05/16,巨人,1,2025RS
打,板山 祐太郎,.188,0,0,0,0,0,0,0,0,0,0,0,,,,,,,,,,,,,2025/05/16,巨人,0,2025RS
打,ブライト 健太,.222,1,0,0,0,0,0,0,0,0,0,0,,,,,,,一邪飛,,,,,,2025/05/16,巨人,0,2025RS
投,清水 達也,-,0,0,0,0,0,0,0,0,0,0,0,,,,,,,,,,,,,2025/05/16,巨人,0,2025RS
投,マルテ,-,0,0,0,0,0,0,0,0,0,0,0,,,,,,,,,,,,,2025/05/16,巨人,0,2025RS
投,齋藤 綱記,-,0,0,0,0,0,0,0,0,0,0,0,,,,,,,,,,,,,2025/05/16,巨人,0,2025RS
(中),岡林 勇希,.275,4,0,1,0,1,0,0,0,0,0,0,右飛,,左安,,,空三振,,,投失,,,,2025/05/17,巨人,1,2025RS
(二),田中 幹也,.391,3,0,1,0,0,0,0,1,0,0,0,右安,,中飛,,,一飛,,,捕犠打,,,,2025/05/17,巨人,1,2025RS
(右),上林 誠知,.275,4,0,0,0,2,0,0,0,0,0,0,見三振,,,一ゴロ,,空三振,,,投ゴロ,,,,2025/05/17,巨人,1,2025RS
(一),カリステ,.228,4,0,0,0,0,0,0,0,0,0,0,右飛,,,遊ゴロ,,,中飛,,右飛,,,,2025/05/17,巨人,1,2025RS
(左),ブライト 健太,.200,3,0,0,0,1,0,0,0,0,0,0,,中飛,,三ゴロ,,,空三振,,,,,,2025/05/17,巨人,1,2025RS
(遊),山本 泰寛,.217,3,0,0,0,0,0,0,0,0,0,0,,右飛,,,二飛,,右飛,,,,,,2025/05/17,巨人,1,2025RS
(三),ボスラー,.200,3,0,0,0,1,0,0,0,0,0,0,,遊飛,,,空三振,,,二ゴロ,,,,,2025/05/17,巨人,1,2025RS
(捕),木下 拓哉,.221,2,0,0,0,0,0,0,0,0,0,0,,,中飛,,二飛,,,,,,,,2025/05/17,巨人,1,2025RS
打,高橋 周平,.250,1,0,0,0,0,0,0,0,0,0,0,,,,,,,,遊直,,,,,2025/05/17,巨人,0,2025RS
投,勝野 昌慶,-,0,0,0,0,0,0,0,0,0,0,0,,,,,,,,,,,,,2025/05/17,巨人,0,2025RS
(投),髙橋 宏斗,.200,2,0,1,0,1,0,0,0,0,1,0,,,空三振,,,中安,,,,,,,2025/05/17,巨人,1,2025RS
打捕,宇佐見 真吾,.250,1,0,0,0,0,0,0,0,0,0,0,,,,,,,,三ゴロ,,,,,2025/05/17,巨人,0,2025RS
(中),岡林 勇希,.266,5,0,0,0,1,0,0,0,0,0,0,二飛,,右飛,,二ゴロ,,遊飛,,空三振,,,,2025/05/18,巨人,1,2025RS
(二),田中 幹也,.321,5,0,0,0,1,0,0,0,0,0,0,左飛,,空三振,,右飛,,一ゴロ,,遊ゴロ,,,,2025/05/18,巨人,1,2025RS
(右),上林 誠知,.266,4,1,0,0,1,0,0,0,0,0,0,空三振,,左飛,,,遊飛,,投失,,,,,2025/05/18,巨人,1,2025RS
(一),ボスラー,.202,4,1,1,2,0,0,0,0,0,0,1,,左飛,,二ゴロ,,中飛,,右本,,,,,2025/05/18,巨人,1,2025RS
(左),カリステ,.232,3,1,1,0,0,1,0,0,0,0,0,,四球,,右飛,,二ゴロ,,右２,,,,,2025/05/18,巨人,1,2025RS
(三),高橋 周平,.235,3,0,0,0,2,1,0,0,0,0,0,,四球,,空三振,,,一邪直,空三振,,,,,2025/05/18,巨人,1,2025RS
(遊),山本 泰寛,.233,4,2,2,2,2,0,0,0,0,0,2,,空三振,,,左本,,左本,空三振,,,,,2025/05/18,巨人,1,2025RS
(捕),木下 拓哉,.227,2,1,1,1,0,2,0,0,0,0,0,,中安,,,四球,,四球,中飛,,,,,2025/05/18,巨人,1,2025RS
(投),松葉 貴大,.067,1,0,0,0,0,0,0,1,0,0,0,,一ゴロ,,,投犠打,,,,,,,,2025/05/18,巨人,1,2025RS
打,板山 祐太郎,.200,1,1,1,2,0,0,0,0,0,0,1,,,,,,,中本,,,,,,2025/05/18,巨人,0,2025RS
投,勝野 昌慶,-,0,0,0,0,0,0,0,0,0,0,0,,,,,,,,,,,,,2025/05/18,巨人,0,2025RS
投,清水 達也,-,0,0,0,0,0,0,0,0,0,0,0,,,,,,,,,,,,,2025/05/18,巨人,0,2025RS
打,濱 将乃介,.000,1,0,0,0,0,0,0,0,0,0,0,,,,,,,,,二ゴロ,,,,2025/05/18,巨人,0,2025RS
投,松山 晋也,-,0,0,0,0,0,0,0,0,0,0,0,,,,,,,,,,,,,2025/05/18,巨人,0,2025RS
(中),岡林 勇希,.264,5,0,1,0,1,0,0,0,0,0,0,一ゴロ,,一ゴロ,,遊ゴロ,,右安,,見三振,,,,2025/05/20,DeNA,1,2025RS
(二),田中 幹也,.344,4,1,2,0,1,0,0,0,0,0,0,三安,,空三振,,,右安,一邪飛,,,,,,2025/05/20,DeNA,1,2025RS
投,橋本 侑樹,-,0,0,0,0,0,0,0,0,0,0,0,,,,,,,,,,,,,2025/05/20,DeNA,0,2025RS
左,ブライト 健太,.200,0,0,0,0,0,0,0,0,0,0,0,,,,,,,,,,,,,2025/05/20,DeNA,0,2025RS
(右),上林 誠知,.276,3,0,2,0,0,0,0,0,0,0,0,遊飛,,,左安,,遊安,,,,,,,2025/05/20,DeNA,1,2025RS
右,濱 将乃介,.500,1,0,1,1,0,0,0,0,0,0,0,,,,,,,右安,,,,,,2025/05/20,DeNA,0,2025RS
(一),カリステ,.232,4,0,1,0,0,0,0,0,0,0,0,右安,,,右飛,,遊直,三ゴロ,,,,,,2025/05/20,DeNA,1,2025RS
(捕),木下 拓哉,.231,3,0,1,0,0,0,0,0,0,0,0,中飛,,,左安,,中飛,,,,,,,2025/05/20,DeNA,1,2025RS
捕,宇佐見 真吾,.222,1,0,0,0,0,0,0,0,0,0,0,,,,,,,,二ゴロ,,,,,2025/05/20,DeNA,0,2025RS
(三左),ボスラー,.207,3,0,1,1,1,1,0,0,0,0,0,,四球,,空三振,,右安,,一ゴロ,,,,,2025/05/20,DeNA,1,2025RS
投,藤嶋 健人,-,0,0,0,0,0,0,0,0,0,0,0,,,,,,,,,,,,,2025/05/20,DeNA,0,2025RS
(遊),山本 泰寛,.224,3,0,0,0,0,0,0,0,0,1,0,,遊併打,,二飛,,投直,,,,,,,2025/05/20,DeNA,1,2025RS
打二,板山 祐太郎,.197,1,0,0,0,1,0,0,0,0,0,0,,,,,,,,見三振,,,,,2025/05/20,DeNA,0,2025RS
(左),鵜飼 航丞,.208,2,0,0,0,0,0,0,0,0,0,0,,一ゴロ,,,二飛,,,,,,,,2025/05/20,DeNA,1,2025RS
投,梅野 雄吾,-,0,0,0,0,0,0,0,0,0,0,0,,,,,,,,,,,,,2025/05/20,DeNA,0,2025RS
打二遊,樋口 正修,.000,2,0,0,0,1,0,0,0,0,1,0,,,,,,,投ゴロ,,空三振,,,,2025/05/20,DeNA,0,2025RS
(投),大野 雄大,.000,0,0,0,0,0,0,0,0,0,0,0,,,,,,,,,,,,,2025/05/20,DeNA,1,2025RS
投,根尾 昂,.000,1,0,0,0,1,0,0,0,0,0,0,,,空三振,,,,,,,,,,2025/05/20,DeNA,0,2025RS
打三,辻本 倫太郎,.091,3,1,1,0,1,0,0,0,0,1,0,,,,,右飛,,左安,,空三振,,,,2025/05/20,DeNA,0,2025RS
(中),岡林 勇希,.274,5,2,3,1,0,0,0,0,0,0,0,三失,,右２,右安,,,中安,,右飛,,,,2025/05/21,DeNA,1,2025RS
(二),田中 幹也,.361,4,1,2,2,0,0,0,1,1,0,1,三ゴロ,,二ゴロ,右安,,,犠打失,,左本,,,,2025/05/21,DeNA,1,2025RS
(右),上林 誠知,.267,4,0,0,1,3,0,0,1,0,0,0,空三振,,空三振,空三振,,,投犠打,,投ゴロ,,,,2025/05/21,DeNA,1,2025RS
(三),ボスラー,.209,4,0,1,1,0,1,0,0,0,0,0,右飛,,右２,,左飛,,一ゴロ,,四球,,,,2025/05/21,DeNA,1,2025RS
(一),カリステ,.221,5,0,0,0,1,0,0,0,0,0,0,,二飛,中飛,,三ゴロ,,空三振,,一邪飛,,,,2025/05/21,DeNA,1,2025RS
(左),板山 祐太郎,.214,4,1,2,1,2,0,0,0,0,0,1,,右本,,空三振,空三振,,,三安,,,,,2025/05/21,DeNA,1,2025RS
(遊),山本 泰寛,.228,3,1,1,0,1,0,0,1,0,0,0,,三ゴロ,,右２,,見三振,,投犠打,,,,,2025/05/21,DeNA,1,2025RS
(捕),宇佐見 真吾,.231,4,0,1,0,1,0,0,0,0,0,0,,右安,,中飛,,空三振,,中飛,,,,,2025/05/21,DeNA,1,2025RS
投,マルテ,-,0,0,0,0,0,0,0,0,0,0,0,,,,,,,,,,,,,2025/05/21,DeNA,0,2025RS
投,松山 晋也,-,0,0,0,0,0,0,0,0,0,0,0,,,,,,,,,,,,,2025/05/21,DeNA,0,2025RS
(投),三浦 瑞樹,.000,2,1,0,0,1,1,0,0,0,0,0,,二ゴロ,,四球,,見三振,,,,,,,2025/05/21,DeNA,1,2025RS
投,勝野 昌慶,-,0,0,0,0,0,0,0,0,0,0,0,,,,,,,,,,,,,2025/05/21,DeNA,0,2025RS
投,清水 達也,-,0,0,0,0,0,0,0,0,0,0,0,,,,,,,,,,,,,2025/05/21,DeNA,0,2025RS
打,高橋 周平,.231,1,0,0,0,1,0,0,0,0,0,0,,,,,,,,空三振,,,,,2025/05/21,DeNA,0,2025RS
捕,加藤 匠馬,.200,0,0,0,0,0,0,0,0,0,0,0,,,,,,,,,,,,,2025/05/21,DeNA,0,2025RS
(中),岡林 勇希,.268,4,0,0,0,0,0,0,0,0,0,0,左飛,,左飛,,,遊ゴロ,,,一ゴロ,,,,2025/05/22,DeNA,1,2025RS
(二),田中 幹也,.333,3,0,0,0,0,1,0,0,1,0,0,四球,,,右飛,,中飛,,,三ゴロ,,,,2025/05/22,DeNA,1,2025RS
(右),上林 誠知,.261,3,0,0,0,2,0,0,0,0,0,0,空三振,,,空三振,,,左飛,,,,,,2025/05/22,DeNA,1,2025RS
(三),ボスラー,.202,3,0,0,0,1,0,0,0,0,0,0,投ゴロ,,,二ゴロ,,,見三振,,,,,,2025/05/22,DeNA,1,2025RS
(一),カリステ,.224,3,0,1,0,0,0,0,0,0,0,0,,右飛,,,左安,,右飛,,,,,,2025/05/22,DeNA,1,2025RS
(左),板山 祐太郎,.205,3,0,0,0,3,0,0,0,0,0,0,,見三振,,,空三振,,,空三振,,,,,2025/05/22,DeNA,1,2025RS
(遊),山本 泰寛,.222,2,0,0,0,0,0,0,0,0,1,0,,左飛,,,三邪飛,,,,,,,,2025/05/22,DeNA,1,2025RS
打,鵜飼 航丞,.200,1,0,0,0,1,0,0,0,0,0,0,,,,,,,,空三振,,,,,2025/05/22,DeNA,0,2025RS
遊,辻本 倫太郎,.091,0,0,0,0,0,0,0,0,0,0,0,,,,,,,,,,,,,2025/05/22,DeNA,0,2025RS
(捕),宇佐見 真吾,.188,3,0,0,0,1,0,0,0,0,0,0,,,空三振,,二ゴロ,,,中飛,,,,,2025/05/22,DeNA,1,2025RS
(投),マラー,.000,2,0,0,0,0,0,0,0,0,1,0,,,二ゴロ,,,二ゴロ,,,,,,,2025/05/22,DeNA,1,2025RS
投,藤嶋 健人,-,0,0,0,0,0,0,0,0,0,0,0,,,,,,,,,,,,,2025/05/22,DeNA,0,2025RS
投,梅野 雄吾,-,0,0,0,0,0,0,0,0,0,0,0,,,,,,,,,,,,,2025/05/22,DeNA,0,2025RS
投,福 敬登,-,0,0,0,0,0,0,0,0,0,0,0,,,,,,,,,,,,,2025/05/22,DeNA,0,2025RS
打,ブライト 健太,.194,1,0,0,0,0,0,0,0,0,0,0,,,,,,,,,中飛,,,,2025/05/22,DeNA,0,2025RS
(中),岡林 勇希,.266,5,0,1,0,0,0,0,0,0,0,0,中飛,,左飛,,,中３,,三ゴロ,,中飛,,,2025/05/23,阪神,1,2025RS
(二),樋口 正修,.000,2,0,0,0,0,0,0,0,0,0,0,右飛,,,二飛,,,,,,,,,2025/05/23,阪神,1,2025RS
打二,田中 幹也,.333,3,0,1,0,1,0,0,0,0,0,0,,,,,,空三振,,中飛,,投安,,,2025/05/23,阪神,0,2025RS
(右),上林 誠知,.263,3,0,1,0,0,2,0,0,1,0,0,中安,,,右飛,,故意四,,二ゴロ,,故意四,,,2025/05/23,阪神,1,2025RS
(一),ボスラー,.204,4,0,1,0,1,0,0,0,0,0,0,空三振,,,一ゴロ,,中飛,,,中２,,,,2025/05/23,阪神,1,2025RS
走捕,加藤 匠馬,.182,1,0,0,0,1,0,0,0,0,0,0,,,,,,,,,,見三振,,,2025/05/23,阪神,0,2025RS
(左一),カリステ,.223,5,0,1,0,2,0,0,0,0,0,0,,一邪飛,,,左２,,空三振,,空三振,,中飛,,2025/05/23,阪神,1,2025RS
(三),高橋 周平,.250,4,0,2,0,0,1,0,0,0,0,0,,二ゴロ,,,中安,,右安,,故意四,,二ゴロ,,2025/05/23,阪神,1,2025RS
(捕),宇佐見 真吾,.200,4,0,1,0,2,0,0,0,0,0,0,,見三振,,,遊飛,,中安,,空三振,,,,2025/05/23,阪神,1,2025RS
投,清水 達也,-,0,0,0,0,0,0,0,0,0,0,0,,,,,,,,,,,,,2025/05/23,阪神,0,2025RS
投,藤嶋 健人,-,0,0,0,0,0,0,0,0,0,0,0,,,,,,,,,,,,,2025/05/23,阪神,0,2025RS
投,橋本 侑樹,-,0,0,0,0,0,0,0,0,0,0,0,,,,,,,,,,,,,2025/05/23,阪神,0,2025RS
打,鵜飼 航丞,.192,1,0,0,0,0,0,0,0,0,0,0,,,,,,,,,,,右飛,,2025/05/23,阪神,0,2025RS
(遊),山本 泰寛,.212,4,0,0,0,0,0,0,0,0,0,0,,,一邪飛,,二飛,,一ゴロ,,二ゴロ,,,,2025/05/23,阪神,1,2025RS
(投),涌井 秀章,.200,2,0,0,0,1,0,0,0,0,0,0,,,二飛,,,見三振,,,,,,,2025/05/23,阪神,1,2025RS
打,ブライト 健太,.188,1,0,0,0,0,0,0,0,0,0,0,,,,,,,一ゴロ,,,,,,2025/05/23,阪神,0,2025RS
投,マルテ,-,0,0,0,0,0,0,0,0,0,0,0,,,,,,,,,,,,,2025/05/23,阪神,0,2025RS
投,松山 晋也,-,0,0,0,0,0,0,0,0,0,0,0,,,,,,,,,,,,,2025/05/23,阪神,0,2025RS
左,板山 祐太郎,.203,1,0,0,0,1,0,0,0,0,0,0,,,,,,,,,,空三振,,,2025/05/23,阪神,0,2025RS
(中),岡林 勇希,.277,4,1,3,2,1,0,0,0,1,0,0,右安,左安,,,左安,,空三振,,,,,,2025/05/24,阪神,1,2025RS
(二),田中 幹也,.318,2,1,0,0,0,1,0,1,0,0,0,投犠打,右邪飛,,,中飛,,,四球,,,,,2025/05/24,阪神,1,2025RS
(右),上林 誠知,.270,4,1,2,0,0,0,0,0,0,0,0,三邪飛,,二ゴロ,,左安,,,右２,,,,,2025/05/24,阪神,1,2025RS
(左一),カリステ,.224,4,0,1,1,1,0,0,0,0,0,0,左２,,右飛,,空三振,,,三ゴロ,,,,,2025/05/24,阪神,1,2025RS
(三),高橋 周平,.250,4,0,1,2,1,0,0,0,0,0,0,投ゴロ,,中飛,,,空三振,,中安,,,,,2025/05/24,阪神,1,2025RS
(一),ボスラー,.200,2,0,0,0,1,0,0,0,0,0,0,,一ゴロ,,空三振,,,,,,,,,2025/05/24,阪神,1,2025RS
打左,鵜飼 航丞,.179,2,0,0,0,0,0,0,0,0,0,0,,,,,,右飛,,中飛,,,,,2025/05/24,阪神,0,2025RS
(捕),木下 拓哉,.232,4,1,1,0,1,0,0,0,0,0,0,,左安,,中飛,,中飛,,空三振,,,,,2025/05/24,阪神,1,2025RS
(遊),山本 泰寛,.216,3,1,1,0,0,0,0,0,0,0,0,,左２,,左飛,,,二ゴロ,,,,,,2025/05/24,阪神,1,2025RS
(投),髙橋 宏斗,.176,2,0,0,0,0,0,0,0,0,0,0,,二邪飛,,,二ゴロ,,,,,,,,2025/05/24,阪神,1,2025RS
投,橋本 侑樹,-,0,0,0,0,0,0,0,0,0,0,0,,,,,,,,,,,,,2025/05/24,阪神,0,2025RS
打,大島 洋平,.118,1,0,0,0,0,0,0,0,0,0,0,,,,,,,遊ゴロ,,,,,,2025/05/24,阪神,0,2025RS
投,清水 達也,-,0,0,0,0,0,0,0,0,0,0,0,,,,,,,,,,,,,2025/05/24,阪神,0,2025RS
投,松山 晋也,-,0,0,0,0,0,0,0,0,0,0,0,,,,,,,,,,,,,2025/05/24,阪神,0,2025RS
(中),岡林 勇希,.278,3,0,1,1,1,0,0,1,0,0,0,空三振,,遊ゴロ,,右安,,,投犠打,,,,,2025/05/25,阪神,1,2025RS
(二),田中 幹也,.292,4,0,0,0,0,0,0,0,0,0,0,捕邪飛,,一邪飛,,遊飛,,,遊ゴロ,,,,,2025/05/25,阪神,1,2025RS
(右),上林 誠知,.266,2,0,0,0,0,2,0,0,0,0,0,四球,,,中飛,,遊直,,故意四,,,,,2025/05/25,阪神,1,2025RS
(一),カリステ,.225,4,0,1,0,0,0,0,0,0,0,0,左２,,,中飛,,二飛,,右飛,,,,,2025/05/25,阪神,1,2025RS
(三),高橋 周平,.238,3,0,0,0,2,0,0,0,0,1,0,三飛,,,空三振,,空三振,,,,,,,2025/05/25,阪神,1,2025RS
打,ブライト 健太,.182,1,0,0,0,0,0,0,0,0,0,0,,,,,,,,,左飛,,,,2025/05/25,阪神,0,2025RS
(左),鵜飼 航丞,.167,2,0,0,0,0,0,0,0,0,0,0,,遊ゴロ,,,遊ゴロ,,,,,,,,2025/05/25,阪神,1,2025RS
打左,板山 祐太郎,.200,1,0,0,0,1,0,0,0,0,0,0,,,,,,,見三振,,,,,,2025/05/25,阪神,0,2025RS
打,福永 裕基,1.000,1,0,1,0,0,0,0,0,0,0,0,,,,,,,,,左２,,,,2025/05/25,阪神,0,2025RS
(捕),木下 拓哉,.222,4,0,0,0,1,0,0,0,0,0,0,,遊ゴロ,,,空三振,,遊ゴロ,,三ゴロ,,,,2025/05/25,阪神,1,2025RS
(遊),山本 泰寛,.217,4,1,1,0,1,0,0,0,0,0,0,,捕邪飛,,,右安,,空三振,,遊ゴロ,,,,2025/05/25,阪神,1,2025RS
(投),松葉 貴大,.118,2,0,1,0,0,0,0,0,0,0,0,,,遊ゴロ,,中安,,,,,,,,2025/05/25,阪神,1,2025RS
投,勝野 昌慶,-,0,0,0,0,0,0,0,0,0,0,0,,,,,,,,,,,,,2025/05/25,阪神,0,2025RS
打,川越 誠司,1.000,1,0,1,0,0,0,0,0,0,0,0,,,,,,,,右安,,,,,2025/05/25,阪神,0,2025RS
走,樋口 正修,.000,0,0,0,0,0,0,0,0,0,0,0,,,,,,,,,,,,,2025/05/25,阪神,0,2025RS
投,マルテ,-,0,0,0,0,0,0,0,0,0,2,0,,,,,,,,,,,,,2025/05/25,阪神,0,2025RS
投,福 敬登,-,0,0,0,0,0,0,0,0,0,0,0,,,,,,,,,,,,,2025/05/25,阪神,0,2025RS
(中),岡林 勇希,.276,5,0,1,0,1,0,0,0,0,0,0,空三振,,左安,遊ゴロ,,,中飛,,遊ゴロ,,,,2025/05/27,ヤクルト,1,2025RS
(遊),村松 開人,.132,3,0,0,0,1,2,0,0,0,1,0,四球,,二ゴロ,,空三振,,左邪飛,,四球,,,,2025/05/27,ヤクルト,1,2025RS
走,樋口 正修,.000,0,0,0,0,0,0,0,0,0,0,0,,,,,,,,,,,,,2025/05/27,ヤクルト,0,2025RS
(右),上林 誠知,.257,5,0,0,0,1,0,0,0,0,0,0,中飛,,中飛,,一ゴロ,,,投ゴロ,空三振,,,,2025/05/27,ヤクルト,1,2025RS
(三),福永 裕基,.333,2,1,0,0,0,2,0,0,0,0,0,右飛,,三ゴロ,,四球,,,四球,,,,,2025/05/27,ヤクルト,1,2025RS
一,宇佐見 真吾,.200,0,0,0,0,0,0,0,0,0,0,0,,,,,,,,,,,,,2025/05/27,ヤクルト,0,2025RS
(左),川越 誠司,.250,3,0,0,0,1,1,0,0,0,1,0,,二ゴロ,,空三振,一邪飛,,,四球,,,,,2025/05/27,ヤクルト,1,2025RS
(一),ボスラー,.198,1,0,0,0,0,2,0,0,0,0,0,,四球,,四球,,一ゴロ,,,,,,,2025/05/27,ヤクルト,1,2025RS
打,ブライト 健太,.206,1,0,1,1,0,0,0,0,0,0,0,,,,,,,,左安,,,,,2025/05/27,ヤクルト,0,2025RS
投,勝野 昌慶,-,0,0,0,0,0,0,0,0,0,0,0,,,,,,,,,,,,,2025/05/27,ヤクルト,0,2025RS
(二),板山 祐太郎,.195,2,0,0,0,0,0,1,0,0,0,0,,中飛,,死球,,投ゴロ,,,,,,,2025/05/27,ヤクルト,1,2025RS
打二,山本 泰寛,.215,1,0,0,0,1,0,0,0,0,0,0,,,,,,,,空三振,,,,,2025/05/27,ヤクルト,0,2025RS
(捕),木下 拓哉,.233,4,0,2,0,0,0,0,0,0,0,0,,中安,,右安,,遊飛,,三ゴロ,,,,,2025/05/27,ヤクルト,1,2025RS
(投),金丸 夢斗,.000,2,0,0,0,2,0,0,0,0,0,0,,空三振,,見三振,,,,,,,,,2025/05/27,ヤクルト,1,2025RS
打,カリステ,.223,1,0,0,0,1,0,0,0,0,0,0,,,,,,,空三振,,,,,,2025/05/27,ヤクルト,0,2025RS
投,藤嶋 健人,-,0,0,0,0,0,0,0,0,0,0,0,,,,,,,,,,,,,2025/05/27,ヤクルト,0,2025RS
三,高橋 周平,.234,1,0,0,0,0,0,0,0,0,0,0,,,,,,,,,二ゴロ,,,,2025/05/27,ヤクルト,0,2025RS
(右),上林 誠知,.250,4,1,0,0,2,1,0,0,0,0,0,三邪飛,,四球,,,一ゴロ,空三振,,見三振,,,,2025/05/28,ヤクルト,1,2025RS
(二),田中 幹也,.288,4,1,1,0,0,1,0,0,0,0,0,右飛,,三邪飛,,,右安,,三ゴロ,四球,,,,2025/05/28,ヤクルト,1,2025RS
(中),岡林 勇希,.280,4,1,2,1,0,1,0,0,0,0,0,四球,,,三ゴロ,,右２,,中安,三ゴロ,,,,2025/05/28,ヤクルト,1,2025RS
(一),ボスラー,.192,3,0,0,0,0,1,0,0,0,0,0,遊飛,,,中飛,,遊飛,,四球,,,,,2025/05/28,ヤクルト,1,2025RS
(三),高橋 周平,.221,4,0,0,0,0,0,0,0,0,0,0,,中飛,,三直,,右飛,,中飛,,,,,2025/05/28,ヤクルト,1,2025RS
(左),川越 誠司,.286,3,0,1,0,1,0,1,0,0,0,0,,見三振,,,投ゴロ,,遊安,,死球,,,,2025/05/28,ヤクルト,1,2025RS
走左,尾田 剛樹,-,0,1,0,0,0,0,0,0,0,0,0,,,,,,,,,,,,,2025/05/28,ヤクルト,0,2025RS
(捕),木下 拓哉,.226,3,0,0,0,0,0,0,1,0,0,0,,二飛,,,中飛,,捕犠打,,二ゴロ,,,,2025/05/28,ヤクルト,1,2025RS
(遊),村松 開人,.139,4,0,1,1,1,0,0,0,0,0,0,,,右安,,右飛,,空三振,,二野選,,,,2025/05/28,ヤクルト,1,2025RS
(投),三浦 瑞樹,.143,2,0,1,0,0,0,0,0,0,0,0,,,捕邪飛,,,左安,,,,,,,2025/05/28,ヤクルト,1,2025RS
投,藤嶋 健人,-,0,0,0,0,0,0,0,0,0,0,0,,,,,,,,,,,,,2025/05/28,ヤクルト,0,2025RS
打,カリステ,.223,0,0,0,0,0,1,0,0,0,0,0,,,,,,,四球,,,,,,2025/05/28,ヤクルト,0,2025RS
投,橋本 侑樹,-,0,0,0,0,0,0,0,0,0,0,0,,,,,,,,,,,,,2025/05/28,ヤクルト,0,2025RS
投,清水 達也,-,0,0,0,0,0,0,0,0,0,0,0,,,,,,,,,,,,,2025/05/28,ヤクルト,0,2025RS
打,大島 洋平,.167,1,0,1,0,0,0,0,0,0,0,0,,,,,,,,,右安,,,,2025/05/28,ヤクルト,0,2025RS
投,松山 晋也,-,0,0,0,0,0,0,0,0,0,0,0,,,,,,,,,,,,,2025/05/28,ヤクルト,0,2025RS
(左),大島 洋平,.190,3,1,1,0,1,0,0,0,0,0,0,空三振,二安,二ゴロ,,,,,,,,,,2025/05/29,ヤクルト,1,2025RS
打左,ブライト 健太,.222,2,0,1,0,0,0,0,0,0,0,0,,,,,,中安,,,右飛,,,,2025/05/29,ヤクルト,0,2025RS
左,尾田 剛樹,-,0,0,0,0,0,0,0,0,0,0,0,,,,,,,,,,,,,2025/05/29,ヤクルト,0,2025RS
(二),田中 幹也,.286,4,0,1,0,0,0,0,0,0,0,0,三ゴロ,遊安,,三ゴロ,,右飛,,,,,,,2025/05/29,ヤクルト,1,2025RS
二,樋口 正修,.000,1,0,0,0,0,0,0,0,0,0,0,,,,,,,,,一ゴロ,,,,2025/05/29,ヤクルト,0,2025RS
(中),岡林 勇希,.284,5,1,2,1,0,0,0,0,0,0,0,左安,左安,,二ゴロ,,,右飛,,中飛,,,,2025/05/29,ヤクルト,1,2025RS
(一),カリステ,.232,4,1,2,0,0,0,0,0,0,0,0,中安,左安,,右飛,,,右飛,,,,,,2025/05/29,ヤクルト,1,2025RS
(三),高橋 周平,.222,4,0,1,2,2,0,0,0,0,0,0,左２,空三振,,,中飛,,空三振,,,,,,2025/05/29,ヤクルト,1,2025RS
(右),上林 誠知,.256,4,1,2,1,0,0,0,0,0,0,1,一ゴロ,,右本,,中飛,,,左安,,,,,2025/05/29,ヤクルト,1,2025RS
(捕),木下 拓哉,.236,4,1,2,0,0,0,0,0,0,0,0,,中２,中安,,中飛,,,右飛,,,,,2025/05/29,ヤクルト,1,2025RS
(遊),村松 開人,.145,4,1,1,2,1,0,0,0,0,0,1,,右中本,三飛,,,一ゴロ,,見三振,,,,,2025/05/29,ヤクルト,1,2025RS
(投),マラー,.000,2,0,0,0,1,0,0,1,0,0,0,,二飛,投犠打,,,見三振,,,,,,,2025/05/29,ヤクルト,1,2025RS
打,宇佐見 真吾,.190,1,0,0,0,1,0,0,0,0,0,0,,,,,,,,空三振,,,,,2025/05/29,ヤクルト,0,2025RS
投,マルテ,-,0,0,0,0,0,0,0,0,0,0,0,,,,,,,,,,,,,2025/05/29,ヤクルト,0,2025RS
投,梅野 雄吾,-,0,0,0,0,0,0,0,0,0,0,0,,,,,,,,,,,,,2025/05/29,ヤクルト,0,2025RS
(右),上林 誠知,.269,4,1,3,1,0,0,0,0,0,0,1,右本,投ゴロ,,,左２,,,中安,,,,,2025/05/30,巨人,1,2025RS
(二),田中 幹也,.267,4,0,0,0,1,0,0,0,0,0,0,二ゴロ,,一ゴロ,,三邪直,,,空三振,,,,,2025/05/30,巨人,1,2025RS
(中),岡林 勇希,.283,4,0,1,0,0,0,0,0,0,0,0,中飛,,左飛,,,二ゴロ,,三安,,,,,2025/05/30,巨人,1,2025RS
(一),カリステ,.234,3,0,1,0,1,0,0,0,0,0,0,右２,,三ゴロ,,,空三振,,,,,,,2025/05/30,巨人,1,2025RS
打,川越 誠司,.250,1,0,0,0,1,0,0,0,0,0,0,,,,,,,,見三振,,,,,2025/05/30,巨人,0,2025RS
左,尾田 剛樹,-,0,0,0,0,0,0,0,0,0,0,0,,,,,,,,,,,,,2025/05/30,巨人,0,2025RS
(三),高橋 周平,.211,4,0,0,0,2,0,0,0,0,0,0,空三振,,,空三振,,一ゴロ,,一ゴロ,,,,,2025/05/30,巨人,1,2025RS
(左一),板山 祐太郎,.210,4,0,2,0,1,0,0,0,0,0,0,,右安,,投ゴロ,,,空三振,,右安,,,,2025/05/30,巨人,1,2025RS
(捕),宇佐見 真吾,.182,1,0,0,0,1,1,0,0,0,0,0,,四球,,空三振,,,,,,,,,2025/05/30,巨人,1,2025RS
打捕,木下 拓哉,.241,2,0,1,0,0,0,0,0,0,0,0,,,,,,,左２,,遊併打,,,,2025/05/30,巨人,0,2025RS
(遊),村松 開人,.139,3,0,0,0,1,0,0,1,0,0,0,,投犠打,,,一ゴロ,,左飛,,空三振,,,,2025/05/30,巨人,1,2025RS
(投),大野 雄大,.000,2,0,0,0,2,0,0,0,0,0,0,,見三振,,,見三振,,,,,,,,2025/05/30,巨人,1,2025RS
投,勝野 昌慶,-,0,0,0,0,0,0,0,0,0,0,0,,,,,,,,,,,,,2025/05/30,巨人,0,2025RS
投,藤嶋 健人,-,0,0,0,0,0,0,0,0,0,0,0,,,,,,,,,,,,,2025/05/30,巨人,0,2025RS
打,ブライト 健太,.216,1,0,0,0,0,0,0,0,0,0,0,,,,,,,中飛,,,,,,2025/05/30,巨人,0,2025RS
投,梅野 雄吾,-,0,0,0,0,0,0,0,0,0,0,0,,,,,,,,,,,,,2025/05/30,巨人,0,2025RS
投,福 敬登,-,0,0,0,0,0,0,0,0,0,0,0,,,,,,,,,,,,,2025/05/30,巨人,0,2025RS
(右),上林 誠知,.270,3,0,1,0,0,1,0,0,0,0,0,投ゴロ,中飛,,,右２,,故意四,,,,,,2025/05/31,巨人,1,2025RS
(二),山本 泰寛,.206,4,0,0,0,2,0,0,0,1,0,0,遊ゴロ,,空三振,,空三振,,二ゴロ,,,,,,2025/05/31,巨人,1,2025RS
(中),岡林 勇希,.282,4,0,1,0,2,0,0,0,0,0,0,右２,,二ゴロ,,空三振,,空三振,,,,,,2025/05/31,巨人,1,2025RS
(一),カリステ,.235,4,0,1,0,0,0,0,0,0,0,0,三安,,三ゴロ,,,三ゴロ,,中飛,,,,,2025/05/31,巨人,1,2025RS
(左),ブライト 健太,.225,3,1,1,0,1,1,0,0,0,0,0,三ゴロ,,,中２,,空三振,,四球,,,,,2025/05/31,巨人,1,2025RS
(三),石川 昂弥,.148,4,0,0,0,2,0,0,0,0,0,0,,三ゴロ,,空三振,,見三振,,二飛,,,,,2025/05/31,巨人,1,2025RS
(遊),村松 開人,.159,3,3,2,0,0,1,0,0,0,0,0,,中３,,右飛,,,右安,四球,,,,,2025/05/31,巨人,1,2025RS
(捕),加藤 匠馬,.167,1,0,0,1,0,0,0,2,0,0,0,,犠打失,,右飛,,,一犠打,,,,,,2025/05/31,巨人,1,2025RS
打,板山 祐太郎,.220,1,0,1,2,0,0,0,0,0,0,0,,,,,,,,右３,,,,,2025/05/31,巨人,0,2025RS
捕,石伊 雄太,.188,0,0,0,0,0,0,0,0,0,0,0,,,,,,,,,,,,,2025/05/31,巨人,0,2025RS
(投),髙橋 宏斗,.167,1,0,0,0,1,0,0,1,0,0,0,,捕犠打,,,空三振,,,,,,,,2025/05/31,巨人,1,2025RS
打,高橋 周平,.221,1,0,1,1,0,0,0,0,0,0,0,,,,,,,右２,,,,,,2025/05/31,巨人,0,2025RS
走,尾田 剛樹,-,0,0,0,0,0,0,0,0,0,0,0,,,,,,,,,,,,,2025/05/31,巨人,0,2025RS
投,清水 達也,-,0,0,0,0,0,0,0,0,0,0,0,,,,,,,,,,,,,2025/05/31,巨人,0,2025RS
打,大島 洋平,.182,1,0,0,0,0,0,0,0,0,0,0,,,,,,,,二飛,,,,,2025/05/31,巨人,0,2025RS
投,松山 晋也,-,0,0,0,0,0,0,0,0,0,0,0,,,,,,,,,,,,,2025/05/31,巨人,0,2025RS
(右),上林 誠知,.279,2,1,2,0,0,3,0,0,0,0,0,右安,中安,,四球,,故意四,,四球,,,,,2025/06/01,巨人,1,2025RS
(二),板山 祐太郎,.212,3,0,0,0,1,0,0,0,0,0,0,左飛,三邪飛,,空三振,,,,,,,,,2025/06/01,巨人,1,2025RS
打,ブライト 健太,.220,1,0,0,0,1,0,0,0,0,0,0,,,,,,空三振,,,,,,,2025/06/01,巨人,0,2025RS
二,山本 泰寛,.204,1,0,0,0,1,0,0,0,0,0,0,,,,,,,,空三振,,,,,2025/06/01,巨人,0,2025RS
(中),岡林 勇希,.286,4,2,2,1,0,1,0,0,0,0,1,右本,,一ゴロ,中飛,,,三安,故意四,,,,,2025/06/01,巨人,1,2025RS
(左),カリステ,.241,5,0,2,2,2,0,0,0,0,0,0,中安,,空三振,,左飛,,見三振,中安,,,,,2025/06/01,巨人,1,2025RS
投,松山 晋也,-,0,0,0,0,0,0,0,0,0,0,0,,,,,,,,,,,,,2025/06/01,巨人,0,2025RS
(一),ボスラー,.204,4,0,2,0,0,0,1,0,0,0,0,右安,,左安,,二ゴロ,,死球,左飛,,,,,2025/06/01,巨人,1,2025RS
(三),石川 昂弥,.143,2,0,0,0,0,1,0,0,0,0,0,四球,,捕邪飛,,三ゴロ,,,,,,,,2025/06/01,巨人,1,2025RS
打三,高橋 周平,.218,1,0,0,0,1,0,0,0,0,0,0,,,,,,,空三振,,,,,,2025/06/01,巨人,0,2025RS
(遊),村松 開人,.174,4,0,2,0,1,0,0,0,0,1,0,一ゴロ,,,左安,,左安,空三振,,,,,,2025/06/01,巨人,1,2025RS
(捕),石伊 雄太,.250,4,0,2,0,0,0,0,0,0,0,0,,投ゴロ,,左安,,投ゴロ,,右安,,,,,2025/06/01,巨人,1,2025RS
走左,尾田 剛樹,-,0,1,0,0,0,0,0,0,0,0,0,,,,,,,,,,,,,2025/06/01,巨人,0,2025RS
(投),松葉 貴大,.111,1,0,0,0,1,0,0,2,0,0,0,,空三振,,投犠打,,一犠打,,,,,,,2025/06/01,巨人,1,2025RS
投,清水 達也,-,0,0,0,0,0,0,0,0,0,0,0,,,,,,,,,,,,,2025/06/01,巨人,0,2025RS
打捕,加藤 匠馬,.167,0,0,0,0,0,0,0,1,0,0,0,,,,,,,,投犠打,,,,,2025/06/01,巨人,0,2025RS
(右),上林 誠知,.272,4,0,0,0,0,0,0,0,0,0,0,二ゴロ,,中飛,,二ゴロ,,右飛,,,,,,2025/06/03,ソフトバンク,1,2025RS
(二),田中 幹也,.250,4,0,0,0,3,0,0,0,0,1,0,見三振,,空三振,,,左飛,,空三振,,,,,2025/06/03,ソフトバンク,1,2025RS
(中),岡林 勇希,.290,4,0,2,0,1,0,0,0,1,0,0,右安,,,中安,,空三振,,遊ゴロ,,,,,2025/06/03,ソフトバンク,1,2025RS
(左),カリステ,.241,4,0,1,0,1,0,0,0,0,0,0,遊ゴロ,,,見三振,,左安,,遊ゴロ,,,,,2025/06/03,ソフトバンク,1,2025RS
(一),ボスラー,.207,3,0,1,0,0,1,0,0,0,0,0,,左飛,,四球,,二ゴロ,,,右２,,,,2025/06/03,ソフトバンク,1,2025RS
(三),高橋 周平,.235,3,0,2,0,0,1,0,0,0,0,0,,四球,,遊併打,,,右安,,右安,,,,2025/06/03,ソフトバンク,1,2025RS
(指),川越 誠司,.182,3,0,0,0,2,0,0,0,0,0,0,,空三振,,,投飛,,空三振,,,,,,2025/06/03,ソフトバンク,1,2025RS
打指,石川 昂弥,.140,1,0,0,0,1,0,0,0,0,0,0,,,,,,,,,空三振,,,,2025/06/03,ソフトバンク,0,2025RS
(捕),石伊 雄太,.227,2,0,0,0,1,0,0,0,0,0,0,,遊ゴロ,,,空三振,,,,,,,,2025/06/03,ソフトバンク,1,2025RS
打,板山 祐太郎,.221,1,0,1,0,0,0,0,0,0,0,0,,,,,,,左安,,,,,,2025/06/03,ソフトバンク,0,2025RS
捕,石橋 康太,.000,1,0,0,0,0,0,0,0,0,0,0,,,,,,,,,二飛,,,,2025/06/03,ソフトバンク,0,2025RS
(遊),村松 開人,.189,4,0,2,0,1,0,0,0,0,0,0,,,一ゴロ,,右安,,右安,,空三振,,,,2025/06/03,ソフトバンク,1,2025RS
(右),上林 誠知,.272,4,0,1,0,1,0,0,0,0,0,0,空三振,,二ゴロ,,,右２,,二飛,,,,,2025/06/04,ソフトバンク,1,2025RS
(二),田中 幹也,.242,2,0,0,0,2,1,0,0,1,0,0,四球,,,空三振,,見三振,,,,,,,2025/06/04,ソフトバンク,1,2025RS
打,尾田 剛樹,.000,1,0,0,0,0,0,0,0,0,0,0,,,,,,,,,右飛,,,,2025/06/04,ソフトバンク,0,2025RS
(中),岡林 勇希,.285,4,0,0,0,1,0,0,0,0,0,0,空三振,,,中飛,,右飛,,,中飛,,,,2025/06/04,ソフトバンク,1,2025RS
(指),カリステ,.241,4,1,1,1,2,0,0,0,0,0,1,空三振,,,右飛,,,空三振,,右本,,,,2025/06/04,ソフトバンク,1,2025RS
(左),ブライト 健太,.227,3,1,1,0,0,0,1,0,0,0,0,,二飛,,,死球,,右飛,,中２,,,,2025/06/04,ソフトバンク,1,2025RS
(一),ボスラー,.209,4,0,1,1,0,0,0,0,0,0,0,,遊ゴロ,,,三飛,,投ゴロ,,中安,,,,2025/06/04,ソフトバンク,1,2025RS
(三遊),山本 泰寛,.208,3,0,1,0,0,0,0,0,0,0,0,,右飛,,,三直,,,中安,,,,,2025/06/04,ソフトバンク,1,2025RS
打,川越 誠司,.182,0,0,0,0,0,0,1,0,0,0,0,,,,,,,,,死球,,,,2025/06/04,ソフトバンク,0,2025RS
(捕),石伊 雄太,.208,2,0,0,0,1,0,0,0,0,0,0,,,空三振,,一邪飛,,,,,,,,2025/06/04,ソフトバンク,1,2025RS
捕,石橋 康太,.000,2,0,0,0,2,0,0,0,0,0,0,,,,,,,,空三振,空三振,,,,2025/06/04,ソフトバンク,0,2025RS
(遊),村松 開人,.185,2,0,0,0,2,0,0,0,0,0,0,,,空三振,,,空三振,,,,,,,2025/06/04,ソフトバンク,1,2025RS
打三,石川 昂弥,.138,1,0,0,0,0,0,0,0,0,0,0,,,,,,,,一邪飛,,,,,2025/06/04,ソフトバンク,0,2025RS
(右),上林 誠知,.270,5,1,1,0,0,0,0,0,0,0,0,一ゴロ,,,二ゴロ,,二飛,,三安,一ゴロ,,,,2025/06/05,ソフトバンク,1,2025RS
(二遊),山本 泰寛,.219,4,0,2,2,0,0,0,0,0,0,0,二飛,,,三直,,左安,,左２,,,,,2025/06/05,ソフトバンク,1,2025RS
(中),岡林 勇希,.289,4,0,2,0,0,0,0,0,2,0,0,遊ゴロ,,,二安,,中飛,,投安,,,,,2025/06/05,ソフトバンク,1,2025RS
(左),ブライト 健太,.208,4,0,0,0,1,0,0,0,0,0,0,,中飛,,空三振,,,右飛,遊ゴロ,,,,,2025/06/05,ソフトバンク,1,2025RS
(一),ボスラー,.210,4,1,1,0,1,0,0,0,0,0,0,,見三振,,,一ゴロ,,右飛,,左２,,,,2025/06/05,ソフトバンク,1,2025RS
(指),カリステ,.243,3,1,1,0,0,1,0,0,0,0,0,,右飛,,,左安,,一ゴロ,,四球,,,,2025/06/05,ソフトバンク,1,2025RS
(三),高橋 周平,.226,3,0,0,0,2,0,0,0,0,0,0,,,空三振,,左邪飛,,,空三振,,,,,2025/06/05,ソフトバンク,1,2025RS
打,川越 誠司,.250,1,0,1,0,0,0,0,0,0,0,0,,,,,,,,,右安,,,,2025/06/05,ソフトバンク,0,2025RS
(捕),加藤 匠馬,.143,2,0,0,0,2,0,0,0,0,0,0,,,見三振,,空三振,,,,,,,,2025/06/05,ソフトバンク,1,2025RS
捕,石橋 康太,.250,1,0,1,1,0,1,0,0,0,0,0,,,,,,,,四球,左安,,,,2025/06/05,ソフトバンク,0,2025RS
(遊),村松 開人,.181,2,0,0,0,1,0,0,0,0,0,0,,,左飛,,,空三振,,,,,,,2025/06/05,ソフトバンク,1,2025RS
打二,板山 祐太郎,.216,2,1,0,0,0,0,0,0,0,0,0,,,,,,,,二ゴロ,遊併打,,,,2025/06/05,ソフトバンク,0,2025RS
(中),岡林 勇希,.293,4,1,2,0,0,0,0,0,0,0,0,右安,左安,,,一ゴロ,,右飛,,,,,,2025/06/06,ロッテ,1,2025RS
(二),田中 幹也,.229,4,0,0,0,0,0,0,0,0,0,0,右飛,一邪飛,,,投直,,右飛,,,,,,2025/06/06,ロッテ,1,2025RS
(右),上林 誠知,.269,4,0,1,0,1,0,0,0,0,0,0,左２,,二直,,,遊飛,,空三振,,,,,2025/06/06,ロッテ,1,2025RS
(一),カリステ,.238,3,1,0,1,0,1,0,0,0,0,0,遊ゴロ,,三ゴロ,,,三ゴロ,,四球,,,,,2025/06/06,ロッテ,1,2025RS
走,尾田 剛樹,.000,0,0,0,0,0,0,0,0,0,0,0,,,,,,,,,,,,,2025/06/06,ロッテ,0,2025RS
投,松山 晋也,-,0,0,0,0,0,0,0,0,0,0,0,,,,,,,,,,,,,2025/06/06,ロッテ,0,2025RS
(三一),ボスラー,.220,4,1,2,1,1,0,0,0,0,0,0,中安,,右飛,,,中２,,空三振,,,,,2025/06/06,ロッテ,1,2025RS
(遊),山本 泰寛,.213,3,0,0,0,0,1,0,0,0,0,0,三ゴロ,,,三ゴロ,,四球,,三ゴロ,,,,,2025/06/06,ロッテ,1,2025RS
(左),川越 誠司,.231,1,0,0,0,0,1,0,0,0,0,0,,四球,,一ゴロ,,,,,,,,,2025/06/06,ロッテ,1,2025RS
打左,ブライト 健太,.224,1,0,1,1,0,0,0,0,0,0,0,,,,,,右安,,,,,,,2025/06/06,ロッテ,0,2025RS
(捕),石伊 雄太,.192,2,0,0,0,1,1,0,0,0,0,0,,空三振,,二飛,,,四球,,,,,,2025/06/06,ロッテ,1,2025RS
投,清水 達也,-,0,0,0,0,0,0,0,0,0,0,0,,,,,,,,,,,,,2025/06/06,ロッテ,0,2025RS
三,高橋 周平,.226,0,0,0,0,0,0,0,0,0,0,0,,,,,,,,,,,,,2025/06/06,ロッテ,0,2025RS
(投),大野 雄大,.000,1,0,0,0,0,0,0,1,0,0,0,,投犠打,,,三ゴロ,,,,,,,,2025/06/06,ロッテ,1,2025RS
投,橋本 侑樹,-,0,0,0,0,0,0,0,0,0,0,0,,,,,,,,,,,,,2025/06/06,ロッテ,0,2025RS
打捕,加藤 匠馬,.143,0,0,0,0,0,0,0,1,0,0,0,,,,,,,投犠打,,,,,,2025/06/06,ロッテ,0,2025RS
(中),岡林 勇希,.291,5,0,1,1,2,0,0,0,0,0,0,見三振,,一直,,一ゴロ,,,空三振,右安,,,,2025/06/07,ロッテ,1,2025RS
(二),田中 幹也,.233,3,0,1,1,0,1,1,0,1,0,0,中安,,遊ゴロ,,,遊ゴロ,,死球,四球,,,,2025/06/07,ロッテ,1,2025RS
(右),上林 誠知,.269,4,1,1,1,2,0,0,0,0,0,1,遊直,,,右本,,空三振,,空三振,,,,,2025/06/07,ロッテ,1,2025RS
(一),ボスラー,.213,4,0,0,0,2,0,0,0,0,0,0,空三振,,,左飛,,遊飛,,,空三振,,,,2025/06/07,ロッテ,1,2025RS
(三),板山 祐太郎,.209,3,0,0,0,2,0,0,0,0,0,0,,見三振,,中飛,,,空三振,,,,,,2025/06/07,ロッテ,1,2025RS
打,山本 泰寛,.211,1,0,0,0,0,0,0,0,0,0,0,,,,,,,,,右飛,,,,2025/06/07,ロッテ,0,2025RS
(左),大島 洋平,.269,4,1,3,0,1,0,0,0,2,0,0,,右安,,左安,,,空三振,,左安,,,,2025/06/07,ロッテ,1,2025RS
(遊),村松 開人,.175,3,0,0,0,2,0,0,0,0,0,0,,空三振,,空三振,,,三ゴロ,,,,,,2025/06/07,ロッテ,1,2025RS
打,ブライト 健太,.224,0,1,0,0,0,0,1,0,0,0,0,,,,,,,,,死球,,,,2025/06/07,ロッテ,0,2025RS
(捕),加藤 匠馬,.125,2,0,0,0,0,0,0,0,0,0,0,,右飛,,,遊ゴロ,,,,,,,,2025/06/07,ロッテ,1,2025RS
打,川越 誠司,.286,1,0,1,0,0,0,0,0,0,0,0,,,,,,,,中２,,,,,2025/06/07,ロッテ,0,2025RS
捕,石伊 雄太,.192,0,0,0,0,0,0,0,0,0,0,0,,,,,,,,,,,,,2025/06/07,ロッテ,0,2025RS
打,石川 昂弥,.153,1,1,1,1,0,0,0,0,0,0,0,,,,,,,,,中安,,,,2025/06/07,ロッテ,0,2025RS
(投),髙橋 宏斗,.150,2,0,0,0,1,0,0,0,0,0,0,,,一ゴロ,,空三振,,,,,,,,2025/06/07,ロッテ,1,2025RS
打,高橋 周平,.224,1,0,0,0,0,0,0,0,0,0,0,,,,,,,,二ゴロ,,,,,2025/06/07,ロッテ,0,2025RS
投,藤嶋 健人,-,0,0,0,0,0,0,0,0,0,0,0,,,,,,,,,,,,,2025/06/07,ロッテ,0,2025RS
打,石橋 康太,.250,0,0,0,0,0,1,0,0,0,0,0,,,,,,,,,四球,,,,2025/06/07,ロッテ,0,2025RS
(中),岡林 勇希,.293,5,0,2,0,2,0,0,0,0,0,0,中安,,空三振,,中飛,,右安,見三振,,,,,2025/06/08,ロッテ,1,2025RS
(二),田中 幹也,.224,3,0,0,1,0,0,0,0,0,0,0,三ゴロ,,遊飛,,,二ゴロ,右犠飛,,,,,,2025/06/08,ロッテ,1,2025RS
(右),上林 誠知,.263,4,0,0,0,1,0,0,0,0,0,0,遊ゴロ,,,三邪飛,,中飛,空三振,,,,,,2025/06/08,ロッテ,1,2025RS
(一),ボスラー,.223,3,1,2,1,0,0,1,0,0,0,1,左飛,,,死球,,右安,,右本,,,,,2025/06/08,ロッテ,1,2025RS
(三),高橋 周平,.239,3,0,2,0,0,1,0,0,0,0,0,,右飛,,右安,,四球,,右安,,,,,2025/06/08,ロッテ,1,2025RS
(左),大島 洋平,.267,4,0,1,0,0,0,0,0,0,0,0,,右安,,中飛,,二ゴロ,,二ゴロ,,,,,2025/06/08,ロッテ,1,2025RS
走左,尾田 剛樹,.000,0,1,0,0,0,0,0,0,1,0,0,,,,,,,,,,,,,2025/06/08,ロッテ,0,2025RS
(遊),村松 開人,.170,3,0,0,0,1,1,0,0,0,0,0,,中飛,,右飛,,,空三振,四球,,,,,2025/06/08,ロッテ,1,2025RS
(捕),石伊 雄太,.172,3,1,0,0,0,1,0,0,0,0,0,,右飛,,,右飛,,四球,三邪飛,,,,,2025/06/08,ロッテ,1,2025RS
(投),松葉 貴大,.100,2,0,0,0,1,0,1,0,0,0,0,,,空三振,,左飛,,死球,,,,,,2025/06/08,ロッテ,1,2025RS
走,板山 祐太郎,.209,0,0,0,0,0,0,0,0,0,0,0,,,,,,,,,,,,,2025/06/08,ロッテ,0,2025RS
投,清水 達也,-,0,0,0,0,0,0,0,0,0,0,0,,,,,,,,,,,,,2025/06/08,ロッテ,0,2025RS
打,ブライト 健太,.240,1,0,1,1,0,0,0,0,0,0,0,,,,,,,,右２,,,,,2025/06/08,ロッテ,0,2025RS
投,松山 晋也,-,0,0,0,0,0,0,0,0,0,0,0,,,,,,,,,,,,,2025/06/08,ロッテ,0,2025RS
(中),岡林 勇希,.295,5,1,2,1,0,0,0,0,1,0,0,左安,右飛,,,二ゴロ,,左安,,左飛,,,,2025/06/10,楽天,1,2025RS
(二),田中 幹也,.215,3,0,0,0,0,1,0,1,0,0,0,一犠打,,中飛,,中飛,,四球,,中飛,,,,2025/06/10,楽天,1,2025RS
(右),上林 誠知,.258,4,0,0,0,0,0,0,0,0,0,0,二ゴロ,,一ゴロ,,,二ゴロ,一失,,,,,,2025/06/10,楽天,1,2025RS
(一),ボスラー,.224,4,0,1,0,0,0,0,0,0,1,0,二飛,,二安,,,右飛,捕邪飛,,,,,,2025/06/10,楽天,1,2025RS
(三),高橋 周平,.239,4,0,1,0,1,0,0,0,0,0,0,,左安,二ゴロ,,,空三振,,左飛,,,,,2025/06/10,楽天,1,2025RS
(左),大島 洋平,.265,4,0,1,0,0,0,0,0,0,0,0,,二安,,遊ゴロ,,,遊ゴロ,右飛,,,,,2025/06/10,楽天,1,2025RS
左,尾田 剛樹,.000,0,0,0,0,0,0,0,0,0,0,0,,,,,,,,,,,,,2025/06/10,楽天,0,2025RS
(指),川越 誠司,.353,3,1,2,0,0,1,0,0,0,0,0,,中安,,左飛,,,右安,四球,,,,,2025/06/10,楽天,1,2025RS
(捕),石伊 雄太,.156,3,0,0,0,3,0,0,1,0,0,0,,空三振,,空三振,,,投犠打,見三振,,,,,2025/06/10,楽天,1,2025RS
(遊),村松 開人,.167,2,0,0,0,0,0,0,0,0,0,0,,三飛,,,三ゴロ,,,,,,,,2025/06/10,楽天,1,2025RS
打,板山 祐太郎,.217,1,1,1,0,0,0,0,0,0,0,0,,,,,,,右安,,,,,,2025/06/10,楽天,0,2025RS
遊,山本 泰寛,.209,1,0,0,0,0,0,0,0,0,0,0,,,,,,,,,右飛,,,,2025/06/10,楽天,0,2025RS
(中),岡林 勇希,.293,5,1,1,3,0,1,0,0,0,0,1,中飛,右本,,四球,,左飛,投ゴロ,,投ゴロ,,,,2025/06/11,楽天,1,2025RS
(二),田中 幹也,.226,5,2,2,0,0,0,0,0,0,0,0,遊失,二ゴロ,,二併打,,左２,,左２,,,,,2025/06/11,楽天,1,2025RS
(右),上林 誠知,.271,5,1,4,1,0,0,0,0,1,0,1,右安,,右本,中安,,左飛,,右安,,,,,2025/06/11,楽天,1,2025RS
(一),ボスラー,.222,1,0,0,2,0,1,1,0,0,0,0,右犠飛,,中飛,死球,,故意四,,右犠飛,,,,,2025/06/11,楽天,1,2025RS
(三),高橋 周平,.234,2,0,0,0,0,0,0,0,0,0,0,中飛,,二ゴロ,,,,,,,,,,2025/06/11,楽天,1,2025RS
三,石川 昂弥,.145,3,0,0,0,2,0,0,0,0,0,0,,,,見三振,,空三振,,右邪飛,,,,,2025/06/11,楽天,0,2025RS
(左),大島 洋平,.270,3,1,1,0,0,0,0,0,1,0,0,,一ゴロ,左安,,遊ゴロ,,,,,,,,2025/06/11,楽天,1,2025RS
左,尾田 剛樹,.000,2,0,0,0,0,0,0,0,0,0,0,,,,,,,二ゴロ,左飛,,,,,2025/06/11,楽天,0,2025RS
(指),川越 誠司,.286,4,1,0,0,1,0,0,0,0,0,0,,二飛,一失,,空三振,,二ゴロ,,,,,,2025/06/11,楽天,1,2025RS
打指,カリステ,.237,1,0,0,0,1,0,0,0,0,0,0,,,,,,,,,空三振,,,,2025/06/11,楽天,0,2025RS
(捕),石伊 雄太,.270,5,1,5,1,0,0,0,0,0,1,0,,左２,中２,,左安,,左安,,中２,,,,2025/06/11,楽天,1,2025RS
(遊),村松 開人,.170,4,1,1,0,0,1,0,0,0,0,0,,四球,左飛,,中飛,,左安,,左飛,,,,2025/06/11,楽天,1,2025RS
(中),岡林 勇希,.294,3,0,1,0,0,1,0,0,2,0,0,一安,,二ゴロ,,,四球,,左飛,,,,,2025/06/12,楽天,1,2025RS
(指),大島 洋平,.244,4,0,0,0,0,0,0,0,0,0,0,右飛,,左飛,,,右飛,,左邪飛,,,,,2025/06/12,楽天,1,2025RS
(右),上林 誠知,.276,4,0,2,0,0,0,0,0,0,0,0,中飛,,,中安,,遊飛,,,左安,,,,2025/06/12,楽天,1,2025RS
(一),ボスラー,.216,4,0,0,0,1,0,0,0,0,0,0,投ゴロ,,,見三振,,,遊ゴロ,,中飛,,,,2025/06/12,楽天,1,2025RS
(左三),カリステ,.239,3,0,1,0,1,1,0,0,0,0,0,,右安,,空三振,,,四球,,中飛,,,,2025/06/12,楽天,1,2025RS
(三二),板山 祐太郎,.208,4,0,0,0,2,0,0,0,0,0,0,,中飛,,,空三振,,右飛,,空三振,,,,2025/06/12,楽天,1,2025RS
(二),山本 泰寛,.205,2,0,0,0,1,0,0,0,0,0,0,,空三振,,,左飛,,,,,,,,2025/06/12,楽天,1,2025RS
打左,川越 誠司,.273,1,0,0,0,0,0,0,0,0,0,0,,,,,,,二ゴロ,,,,,,2025/06/12,楽天,0,2025RS
(捕),石伊 雄太,.275,3,0,1,0,0,0,0,0,0,0,0,,二飛,,,右邪飛,,,中安,,,,,2025/06/12,楽天,1,2025RS
(遊),村松 開人,.167,2,0,0,0,0,0,0,0,0,0,0,,,捕邪飛,,,左飛,,,,,,,2025/06/12,楽天,1,2025RS
打,ブライト 健太,.235,1,0,0,0,1,0,0,0,0,0,0,,,,,,,,空三振,,,,,2025/06/12,楽天,0,2025RS
遊,津田 啓史,-,0,0,0,0,0,0,0,0,0,0,0,,,,,,,,,,,,,2025/06/12,楽天,0,2025RS
(中),岡林 勇希,.300,5,0,3,2,0,0,0,0,0,0,0,左飛,,右２,,左安,,遊ゴロ,,,左安,,,2025/06/13,西武,1,2025RS
(二),田中 幹也,.225,5,0,1,0,0,0,0,0,0,0,0,中飛,,中飛,,右安,,,二ゴロ,,中飛,,,2025/06/13,西武,1,2025RS
(右),上林 誠知,.275,4,0,1,0,1,1,0,0,0,0,0,四球,,,遊ゴロ,空三振,,,右飛,,中安,,,2025/06/13,西武,1,2025RS
(一),ボスラー,.208,5,0,0,0,2,0,0,0,0,0,0,右飛,,,二ゴロ,,空三振,,空三振,,二ゴロ,,,2025/06/13,西武,1,2025RS
(指),カリステ,.239,4,0,1,0,1,0,0,0,0,0,0,,遊ゴロ,,左安,,遊ゴロ,,,空三振,,,,2025/06/13,西武,1,2025RS
(左),大島 洋平,.267,4,0,2,0,1,0,0,0,0,0,0,,見三振,,右飛,,投安,,,左安,,,,2025/06/13,西武,1,2025RS
走左,尾田 剛樹,.000,0,0,0,0,0,0,0,0,1,0,0,,,,,,,,,,,,,2025/06/13,西武,0,2025RS
(三),板山 祐太郎,.210,4,1,1,0,1,0,0,0,0,0,0,,二ゴロ,,,中安,遊直,,,空三振,,,,2025/06/13,西武,1,2025RS
(捕),石伊 雄太,.279,3,1,1,0,1,0,0,1,0,0,0,,,左飛,,投犠打,,空三振,,,中２,,,2025/06/13,西武,1,2025RS
(遊),村松 開人,.171,3,0,1,0,1,0,0,1,0,0,0,,,中安,,右飛,,空三振,,,投犠打,,,2025/06/13,西武,1,2025RS
(中),岡林 勇希,.304,3,0,2,0,0,1,0,0,0,0,0,右２,,右安,,,中飛,,四球,,,,,2025/06/14,西武,1,2025RS
(二),田中 幹也,.220,2,0,0,0,1,0,0,2,0,0,0,一犠打,,空三振,,,右飛,,三犠打,,,,,2025/06/14,西武,1,2025RS
(右),上林 誠知,.270,4,0,0,0,1,0,0,0,0,0,0,二直,,,右飛,,二飛,,空三振,,,,,2025/06/14,西武,1,2025RS
(一),ボスラー,.205,2,0,0,0,0,0,0,0,0,0,0,三ゴロ,,,中飛,,,,,,,,,2025/06/14,西武,1,2025RS
打一,板山 祐太郎,.216,2,0,1,0,1,0,0,0,0,0,0,,,,,,,右安,空三振,,,,,2025/06/14,西武,0,2025RS
(指),カリステ,.233,4,0,0,0,1,0,0,0,0,0,0,,見三振,,左飛,,,三失,,二ゴロ,,,,2025/06/14,西武,1,2025RS
(左),大島 洋平,.265,4,0,1,0,0,0,0,0,0,1,0,,投ゴロ,,,一ゴロ,,捕邪飛,,中安,,,,2025/06/14,西武,1,2025RS
走,尾田 剛樹,.000,0,0,0,0,0,0,0,0,0,0,0,,,,,,,,,,,,,2025/06/14,西武,0,2025RS
(三),石川 昂弥,.138,3,0,0,0,1,0,0,0,0,0,0,,見三振,,,中飛,,三ゴロ,,,,,,2025/06/14,西武,1,2025RS
打,ブライト 健太,.231,1,0,0,0,0,0,0,0,0,0,0,,,,,,,,,右飛,,,,2025/06/14,西武,0,2025RS
(捕),加藤 匠馬,.111,2,0,0,0,1,0,0,0,0,0,0,,,空三振,,右飛,,,,,,,,2025/06/14,西武,1,2025RS
打,川越 誠司,.261,1,0,0,0,0,0,0,0,0,0,0,,,,,,,三ゴロ,,,,,,2025/06/14,西武,0,2025RS
捕,石伊 雄太,.273,1,0,0,0,0,0,0,0,0,0,0,,,,,,,,,二ゴロ,,,,2025/06/14,西武,0,2025RS
(遊),村松 開人,.177,2,1,1,1,0,1,0,0,0,0,1,,,中飛,,,右本,,四球,,,,,2025/06/14,西武,1,2025RS
(中),岡林 勇希,.300,4,0,0,0,0,0,0,0,0,0,0,右飛,,遊ゴロ,,中飛,,,一ゴロ,,,,,2025/06/15,西武,1,2025RS
(二),田中 幹也,.213,3,0,0,0,0,1,0,0,0,0,0,一飛,,四球,,,遊直,,遊ゴロ,,,,,2025/06/15,西武,1,2025RS
(左),ブライト 健太,.232,4,0,1,0,0,0,0,0,0,0,0,左安,,遊併打,,,三ゴロ,,右飛,,,,,2025/06/15,西武,1,2025RS
遊,山本 泰寛,.205,0,0,0,0,0,0,0,0,0,0,0,,,,,,,,,,,,,2025/06/15,西武,0,2025RS
(一),カリステ,.234,4,0,1,0,0,0,0,0,0,0,0,遊ゴロ,,,一飛,,二安,,,遊ゴロ,,,,2025/06/15,西武,1,2025RS
(指),石橋 康太,.167,2,0,0,0,0,1,0,0,0,0,0,,二ゴロ,,四球,,左飛,,,,,,,2025/06/15,西武,1,2025RS
打指,大島 洋平,.260,1,0,0,0,0,0,0,0,0,0,0,,,,,,,,,三飛,,,,2025/06/15,西武,0,2025RS
(右),上林 誠知,.270,4,0,1,0,0,0,0,0,2,0,0,,右安,,二ゴロ,,,右飛,,左飛,,,,2025/06/15,西武,1,2025RS
(三),石川 昂弥,.132,3,0,0,0,2,0,0,0,0,0,0,,空三振,,遊ゴロ,,,見三振,,,,,,2025/06/15,西武,1,2025RS
(捕),石伊 雄太,.277,3,0,1,0,1,0,0,0,0,0,0,,遊安,,,遊飛,,空三振,,,,,,2025/06/15,西武,1,2025RS
(遊),村松 開人,.174,2,0,0,0,0,1,0,0,0,1,0,,左飛,,,左飛,,,四球,,,,,2025/06/15,西武,1,2025RS
走左,尾田 剛樹,.000,0,0,0,0,0,0,0,0,0,0,0,,,,,,,,,,,,,2025/06/15,西武,0,2025RS
(左),大島 洋平,.255,5,0,1,0,0,0,0,0,0,0,0,左飛,,二ゴロ,一ゴロ,,,左飛,,中安,,,,2025/06/17,オリックス,1,2025RS
(二),田中 幹也,.206,3,1,0,0,1,1,0,0,0,0,0,四球,,投ゴロ,,中飛,,見三振,,,,,,2025/06/17,オリックス,1,2025RS
打,カリステ,.232,1,0,0,0,0,0,0,0,0,0,0,,,,,,,,,遊併打,,,,2025/06/17,オリックス,0,2025RS
(中),岡林 勇希,.307,4,0,3,0,0,1,0,0,0,0,0,右安,,中安,,左飛,,中安,,四球,,,,2025/06/17,オリックス,1,2025RS
(一),ボスラー,.208,3,0,1,0,1,2,0,0,0,0,0,四球,,中安,,四球,,空三振,,中飛,,,,2025/06/17,オリックス,1,2025RS
(三),佐藤 龍世,.500,2,1,1,1,0,1,0,0,0,0,0,中犠飛,,四球,,投ゴロ,,,右２,,,,,2025/06/17,オリックス,1,2025RS
(右),上林 誠知,.274,4,1,2,1,0,0,0,0,0,0,0,一ゴロ,,一ゴロ,,,右安,,右２,,,,,2025/06/17,オリックス,1,2025RS
(捕),石伊 雄太,.260,3,0,0,0,1,0,0,0,0,0,0,,遊ゴロ,,空三振,,三ゴロ,,,,,,,2025/06/17,オリックス,1,2025RS
打,川越 誠司,.250,1,0,0,0,0,0,0,0,0,0,0,,,,,,,,中飛,,,,,2025/06/17,オリックス,0,2025RS
捕,石橋 康太,.167,0,0,0,0,0,0,0,0,0,0,0,,,,,,,,,,,,,2025/06/17,オリックス,0,2025RS
(遊),村松 開人,.178,3,0,1,1,2,0,0,0,0,0,0,,空三振,,左安,,見三振,,中犠飛,,,,,2025/06/17,オリックス,1,2025RS
(投),マラー,.000,1,0,0,0,0,0,0,1,0,0,0,,遊ゴロ,,一犠打,,,,,,,,,2025/06/17,オリックス,1,2025RS
打,板山 祐太郎,.214,1,0,0,0,0,0,0,0,0,0,0,,,,,,遊ゴロ,,,,,,,2025/06/17,オリックス,0,2025RS
投,藤嶋 健人,-,0,0,0,0,0,0,0,0,0,0,0,,,,,,,,,,,,,2025/06/17,オリックス,0,2025RS
投,勝野 昌慶,-,0,0,0,0,0,0,0,0,0,0,0,,,,,,,,,,,,,2025/06/17,オリックス,0,2025RS
投,福 敬登,-,0,0,0,0,0,0,0,0,0,0,0,,,,,,,,,,,,,2025/06/17,オリックス,0,2025RS
打,津田 啓史,.000,1,0,0,0,1,0,0,0,0,0,0,,,,,,,,空三振,,,,,2025/06/17,オリックス,0,2025RS
投,ウォルターズ,-,0,0,0,0,0,0,0,0,0,0,0,,,,,,,,,,,,,2025/06/17,オリックス,0,2025RS
(右),上林 誠知,.268,5,0,0,0,2,0,0,0,1,0,0,空三振,,中飛,一ゴロ,,遊失,,空三振,,,,,2025/06/18,オリックス,1,2025RS
(左),大島 洋平,.254,4,1,1,0,0,0,0,0,0,0,0,二ゴロ,,,中安 右飛,,右飛,,,,,,,2025/06/18,オリックス,1,2025RS
左,尾田 剛樹,.000,1,0,0,0,1,0,0,0,0,0,0,,,,,,,,見三振,,,,,2025/06/18,オリックス,0,2025RS
(中),岡林 勇希,.313,4,2,3,0,0,1,0,0,0,0,0,左安,,,右安,中３,四球,,中飛,,,,,2025/06/18,オリックス,1,2025RS
(一),ボスラー,.209,4,1,1,3,1,0,0,0,0,0,1,左飛,,,右中本,投ゴロ,空三振,,,,,,,2025/06/18,オリックス,1,2025RS
(三),佐藤 龍世,.250,2,2,0,0,1,2,0,0,0,0,0,,空三振,,四球,四球,中飛,,,,,,,2025/06/18,オリックス,1,2025RS
(遊),村松 開人,.197,4,0,3,1,0,0,0,0,0,0,0,,投ゴロ,,右２,右安,,右安,,,,,,2025/06/18,オリックス,1,2025RS
(二),山本 泰寛,.207,4,0,1,1,1,0,0,0,0,0,0,,捕邪飛,,遊失,右安,,空三振,,,,,,2025/06/18,オリックス,1,2025RS
(捕),石伊 雄太,.264,3,0,1,1,2,0,0,1,0,0,0,,,見三振,左安,空三振,,投犠打,,,,,,2025/06/18,オリックス,1,2025RS
(投),涌井 秀章,.143,2,0,0,0,2,0,0,0,0,0,0,,,空三振,見三振,,,,,,,,,2025/06/18,オリックス,1,2025RS
打,板山 祐太郎,.212,1,0,0,0,0,0,0,0,0,0,0,,,,,三邪飛,,,,,,,,2025/06/18,オリックス,0,2025RS
投,藤嶋 健人,-,0,0,0,0,0,0,0,0,0,0,0,,,,,,,,,,,,,2025/06/18,オリックス,0,2025RS
投,橋本 侑樹,-,0,0,0,0,0,0,0,0,0,0,0,,,,,,,,,,,,,2025/06/18,オリックス,0,2025RS
打,川越 誠司,.240,1,0,0,0,0,0,0,0,0,0,0,,,,,,,投ゴロ,,,,,,2025/06/18,オリックス,0,2025RS
投,清水 達也,-,0,0,0,0,0,0,0,0,0,0,0,,,,,,,,,,,,,2025/06/18,オリックス,0,2025RS
投,松山 晋也,-,0,0,0,0,0,0,0,0,0,0,0,,,,,,,,,,,,,2025/06/18,オリックス,0,2025RS
(右),上林 誠知,.263,4,0,0,0,0,0,0,0,0,0,0,二ゴロ,,投ゴロ,,三ゴロ,,,二ゴロ,,,,,2025/06/19,オリックス,1,2025RS
(二),田中 幹也,.198,4,0,0,0,0,0,0,0,0,0,0,右飛,,二ゴロ,,,左飛,,中飛,,,,,2025/06/19,オリックス,1,2025RS
(中),岡林 勇希,.309,4,0,0,0,0,0,0,0,0,1,0,二ゴロ,,,二ゴロ,,中飛,,左飛,,,,,2025/06/19,オリックス,1,2025RS
(一),ボスラー,.210,4,0,1,0,0,0,0,0,0,0,0,,右飛,,一ゴロ,,左安,,,三邪飛,,,,2025/06/19,オリックス,1,2025RS
(三),佐藤 龍世,.250,4,0,1,0,0,0,0,0,0,0,0,,右飛,,中飛,,二安,,,二ゴロ,,,,2025/06/19,オリックス,1,2025RS
(左),細川 成也,.204,4,1,2,0,1,0,0,0,0,0,0,,右安,,,中２,空三振,,,一飛,,,,2025/06/19,オリックス,1,2025RS
(遊),村松 開人,.200,3,0,1,0,1,0,0,0,0,0,0,,右安,,,一ゴロ,,見三振,,,,,,2025/06/19,オリックス,1,2025RS
(捕),石伊 雄太,.268,3,0,1,1,0,0,0,0,0,0,0,,中飛,,,左安,,右飛,,,,,,2025/06/19,オリックス,1,2025RS
捕,石橋 康太,.167,0,0,0,0,0,0,0,0,0,0,0,,,,,,,,,,,,,2025/06/19,オリックス,0,2025RS
(投),三浦 瑞樹,.125,1,0,0,0,1,0,0,0,0,1,0,,,見三振,,,,,,,,,,2025/06/19,オリックス,1,2025RS
投,勝野 昌慶,-,0,0,0,0,0,0,0,0,0,0,0,,,,,,,,,,,,,2025/06/19,オリックス,0,2025RS
投,福 敬登,-,0,0,0,0,0,0,0,0,0,0,0,,,,,,,,,,,,,2025/06/19,オリックス,0,2025RS
打,カリステ,.231,1,0,0,0,0,0,0,0,0,0,0,,,,,中飛,,,,,,,,2025/06/19,オリックス,0,2025RS
投,岡田 俊哉,.000,0,0,0,0,0,0,0,0,0,0,0,,,,,,,,,,,,,2025/06/19,オリックス,0,2025RS
打,川越 誠司,.231,1,0,0,0,1,0,0,0,0,0,0,,,,,,,空三振,,,,,,2025/06/19,オリックス,0,2025RS
投,祖父江 大輔,-,0,0,0,0,0,0,0,0,0,0,0,,,,,,,,,,,,,2025/06/19,オリックス,0,2025RS
投,ウォルターズ,-,0,0,0,0,0,0,0,0,0,0,0,,,,,,,,,,,,,2025/06/19,オリックス,0,2025RS
(右),上林 誠知,.263,4,0,1,0,0,0,0,0,0,0,0,中飛,,一ゴロ,,,捕邪飛,,,左安,,,,2025/06/20,日本ハム,1,2025RS
(遊),村松 開人,.202,4,0,1,0,0,0,0,0,0,0,0,一ゴロ,,,右安,,左飛,,,一ゴロ,,,,2025/06/20,日本ハム,1,2025RS
(中),岡林 勇希,.305,3,0,0,0,1,1,0,0,0,0,0,二飛,,,空三振,,中飛,,,故意四,,,,2025/06/20,日本ハム,1,2025RS
(一),ボスラー,.211,4,0,1,0,1,0,0,0,0,0,0,,右安,,二ゴロ,,,空三振,,三邪飛,,,,2025/06/20,日本ハム,1,2025RS
(三),佐藤 龍世,.200,2,0,0,0,2,0,0,0,0,0,0,,空三振,,見三振,,,,,,,,,2025/06/20,日本ハム,1,2025RS
打,川越 誠司,.222,1,0,0,0,1,0,0,0,0,0,0,,,,,,,空三振,,,,,,2025/06/20,日本ハム,0,2025RS
投,橋本 侑樹,-,0,0,0,0,0,0,0,0,0,0,0,,,,,,,,,,,,,2025/06/20,日本ハム,0,2025RS
投,藤嶋 健人,-,0,0,0,0,0,0,0,0,0,0,0,,,,,,,,,,,,,2025/06/20,日本ハム,0,2025RS
打,ブライト 健太,.228,1,0,0,0,0,0,0,0,0,0,0,,,,,,,,,中飛,,,,2025/06/20,日本ハム,0,2025RS
(左),細川 成也,.208,3,0,1,0,1,0,0,0,0,0,0,,中安,,,三ゴロ,,見三振,,,,,,2025/06/20,日本ハム,1,2025RS
(二),板山 祐太郎,.215,3,0,1,0,0,0,0,0,0,0,0,,二併打,,,右安,,,左飛,,,,,2025/06/20,日本ハム,1,2025RS
(捕),石伊 雄太,.254,3,0,0,0,0,0,0,0,0,0,0,,,三ゴロ,,中飛,,,三ゴロ,,,,,2025/06/20,日本ハム,1,2025RS
(投),大野 雄大,.000,2,0,0,0,1,0,0,0,0,0,0,,,遊ゴロ,,空三振,,,,,,,,2025/06/20,日本ハム,1,2025RS
三,カリステ,.229,1,0,0,0,0,0,0,0,0,0,0,,,,,,,,二ゴロ,,,,,2025/06/20,日本ハム,0,2025RS
(中),岡林 勇希,.304,4,0,1,0,1,1,0,0,0,0,0,二ゴロ,,左安,,遊ゴロ,,空三振,,故意四,,,,2025/06/21,日本ハム,1,2025RS
(二),田中 幹也,.190,4,0,0,0,0,1,0,0,0,0,0,遊ゴロ,,三ゴロ,,,遊直,,三ゴロ,四球,,,,2025/06/21,日本ハム,1,2025RS
(三),佐藤 龍世,.231,3,0,1,0,1,0,0,0,0,0,0,空三振,,,左安,,遊ゴロ,,,,,,,2025/06/21,日本ハム,1,2025RS
打遊,村松 開人,.198,2,0,0,0,0,0,0,0,0,0,0,,,,,,,,中飛,右飛,,,,2025/06/21,日本ハム,0,2025RS
(左),細川 成也,.222,3,1,2,1,1,0,1,0,0,0,1,,死球,,空三振,,左本,,左安,,,,,2025/06/21,日本ハム,1,2025RS
(右),ブライト 健太,.217,3,0,0,0,1,0,0,0,0,0,0,,右飛,,遊ゴロ,,見三振,,,,,,,2025/06/21,日本ハム,1,2025RS
打右,上林 誠知,.266,1,0,1,0,0,0,0,0,1,0,0,,,,,,,,中安,,,,,2025/06/21,日本ハム,0,2025RS
(一),カリステ,.225,3,1,0,0,0,1,0,0,0,0,0,,右飛,,三ゴロ,,,四球,遊ゴロ,,,,,2025/06/21,日本ハム,1,2025RS
(遊三),山本 泰寛,.225,4,0,3,0,0,0,0,0,0,0,0,,一飛,,,左２,,左安,,遊安,,,,2025/06/21,日本ハム,1,2025RS
(捕),石伊 雄太,.242,3,0,0,0,0,0,0,1,0,0,0,,,左飛,,遊ゴロ,,三犠打,,一ゴロ,,,,2025/06/21,日本ハム,1,2025RS
走,尾田 剛樹,.000,0,0,0,0,0,0,0,0,0,0,0,,,,,,,,,,,,,2025/06/21,日本ハム,0,2025RS
(投),髙橋 宏斗,.143,1,0,0,0,1,0,0,1,0,0,0,,,空三振,,投犠打,,,,,,,,2025/06/21,日本ハム,1,2025RS
打,板山 祐太郎,.215,0,0,0,0,0,0,0,0,0,0,0,,,,,,,,,,,,,2025/06/21,日本ハム,0,2025RS
打,大島 洋平,.250,1,0,0,1,0,0,0,0,0,0,0,,,,,,,二ゴロ,,,,,,2025/06/21,日本ハム,0,2025RS
投,清水 達也,-,0,0,0,0,0,0,0,0,0,0,0,,,,,,,,,,,,,2025/06/21,日本ハム,0,2025RS
投,橋本 侑樹,-,0,0,0,0,0,0,0,0,0,0,0,,,,,,,,,,,,,2025/06/21,日本ハム,0,2025RS
打,川越 誠司,.214,1,0,0,0,1,0,0,0,0,0,0,,,,,,,,,空三振,,,,2025/06/21,日本ハム,0,2025RS
(右),上林 誠知,.266,4,1,1,0,2,0,0,0,1,0,0,空三振,,右安,,空三振,,,一直,,,,,2025/06/22,日本ハム,1,2025RS
(遊),村松 開人,.194,3,0,0,1,2,0,0,0,0,0,0,空三振,,中犠飛,,空三振,,,一ゴロ,,,,,2025/06/22,日本ハム,1,2025RS
(中),岡林 勇希,.311,4,2,3,1,1,0,0,0,0,0,0,左安,,右３,,空三振,,,右安,,,,,2025/06/22,日本ハム,1,2025RS
(左),細川 成也,.225,3,0,1,2,1,0,0,0,0,0,0,左２,,中犠飛,,,右飛,,空三振,,,,,2025/06/22,日本ハム,1,2025RS
左,尾田 剛樹,.000,0,0,0,0,0,0,0,0,0,0,0,,,,,,,,,,,,,2025/06/22,日本ハム,0,2025RS
(一),ボスラー,.207,3,0,0,0,1,0,0,0,0,0,0,右飛,,一ゴロ,,,空三振,,,,,,,2025/06/22,日本ハム,1,2025RS
(三),佐藤 龍世,.188,3,0,0,0,1,0,0,0,0,0,0,,空三振,,遊直,,三ゴロ,,,,,,,2025/06/22,日本ハム,1,2025RS
(二),山本 泰寛,.220,3,0,0,0,0,0,0,0,0,0,0,,一邪飛,,一邪飛,,,二ゴロ,,,,,,2025/06/22,日本ハム,1,2025RS
(捕),石伊 雄太,.231,3,0,0,0,2,0,0,0,0,0,0,,空三振,,中飛,,,空三振,,,,,,2025/06/22,日本ハム,1,2025RS
(投),松葉 貴大,.182,2,1,2,0,0,0,0,0,0,0,0,,,中安,,中安,,,,,,,,2025/06/22,日本ハム,1,2025RS
打,カリステ,.224,1,0,0,0,0,0,0,0,0,0,0,,,,,,,三ゴロ,,,,,,2025/06/22,日本ハム,0,2025RS
投,清水 達也,-,0,0,0,0,0,0,0,0,0,0,0,,,,,,,,,,,,,2025/06/22,日本ハム,0,2025RS
投,松山 晋也,-,0,0,0,0,0,0,0,0,0,0,0,,,,,,,,,,,,,2025/06/22,日本ハム,0,2025RS
(右),上林 誠知,.270,4,1,2,0,1,0,0,0,0,0,0,左安,,遊ゴロ,右安,,空三振,,,,,,,2025/06/27,広島,1,2025RS
(遊),村松 開人,.197,3,0,1,0,0,0,0,1,0,0,0,右安,,遊ゴロ,一犠打,,左飛,,,,,,,2025/06/27,広島,1,2025RS
(中),岡林 勇希,.310,4,1,1,1,0,0,0,0,0,0,0,二ゴロ,,左２,遊飛,,,左飛,,,,,,2025/06/27,広島,1,2025RS
(左),細川 成也,.219,3,1,0,0,1,1,0,0,0,0,0,二併打,,四球,空三振,,,中飛,,,,,,2025/06/27,広島,1,2025RS
(一),ボスラー,.208,4,0,1,0,0,0,0,0,0,0,0,,投ゴロ,二安,,遊飛,,一ゴロ,,,,,,2025/06/27,広島,1,2025RS
(三),佐藤 龍世,.263,3,0,2,1,0,1,0,0,1,0,0,,中安,右安,,四球,,,右邪飛,,,,,2025/06/27,広島,1,2025RS
(二),山本 泰寛,.222,3,0,1,0,1,1,0,0,1,0,0,,右安,四球,,左飛,,,空三振,,,,,2025/06/27,広島,1,2025RS
(捕),石伊 雄太,.217,4,0,0,0,0,0,0,0,0,0,0,,中飛,二ゴロ,,遊ゴロ,,,二ゴロ,,,,,2025/06/27,広島,1,2025RS
(投),大野 雄大,.000,1,0,0,0,0,1,0,0,0,0,0,,二ゴロ,,四球,,,,,,,,,2025/06/27,広島,1,2025RS
投,藤嶋 健人,-,0,0,0,0,0,0,0,0,0,0,0,,,,,,,,,,,,,2025/06/27,広島,0,2025RS
打,大島 洋平,.246,1,0,0,0,0,0,0,0,0,0,0,,,,,,二ゴロ,,,,,,,2025/06/27,広島,0,2025RS
投,橋本 侑樹,-,0,0,0,0,0,0,0,0,0,0,0,,,,,,,,,,,,,2025/06/27,広島,0,2025RS
投,清水 達也,-,0,0,0,0,0,0,0,0,0,0,0,,,,,,,,,,,,,2025/06/27,広島,0,2025RS
投,松山 晋也,-,0,0,0,0,0,0,0,0,0,0,0,,,,,,,,,,,,,2025/06/27,広島,0,2025RS
(右),上林 誠知,.272,5,0,2,0,2,0,0,0,0,0,0,空三振,,左２,,遊飛,,空三振,,左安,,,,2025/06/28,広島,1,2025RS
(二),山本 泰寛,.233,3,0,2,0,0,0,0,1,0,0,0,左安,,一犠打,,右３,,三直,,,,,,2025/06/28,広島,1,2025RS
(中),岡林 勇希,.306,4,1,0,0,0,0,0,0,1,0,0,左飛,,遊ゴロ,,二ゴロ,,二ゴロ,,,,,,2025/06/28,広島,1,2025RS
(左),細川 成也,.213,3,0,0,0,1,1,0,0,0,0,0,一邪飛,,四球,,三直,,,空三振,,,,,2025/06/28,広島,1,2025RS
(一),ボスラー,.216,3,0,2,1,1,1,0,0,0,0,0,,左安,右安,,,四球,,空三振,,,,,2025/06/28,広島,1,2025RS
(三),佐藤 龍世,.261,4,0,1,0,1,0,0,0,0,0,0,,右飛,右飛,,,中安,,空三振,,,,,2025/06/28,広島,1,2025RS
(遊),村松 開人,.194,2,0,0,0,1,0,0,1,0,0,0,,一ゴロ,,空三振,,一犠打,,,,,,,2025/06/28,広島,1,2025RS
打,田中 幹也,.189,1,0,0,0,0,0,0,0,0,0,0,,,,,,,,,三邪飛,,,,2025/06/28,広島,0,2025RS
(捕),宇佐見 真吾,.167,2,0,0,0,2,1,0,0,0,0,0,,故意四,,空三振,,空三振,,,,,,,2025/06/28,広島,1,2025RS
打,辻本 倫太郎,.167,1,0,1,0,0,0,0,0,0,0,0,,,,,,,,,左２,,,,2025/06/28,広島,0,2025RS
走,尾田 剛樹,.000,0,0,0,0,0,0,0,0,0,0,0,,,,,,,,,,,,,2025/06/28,広島,0,2025RS
(投),涌井 秀章,.111,2,0,0,0,2,0,0,0,0,0,0,,空三振,,見三振,,,,,,,,,2025/06/28,広島,1,2025RS
打,大島 洋平,.242,1,0,0,0,1,0,0,0,0,0,0,,,,,,見三振,,,,,,,2025/06/28,広島,0,2025RS
投,齋藤 綱記,-,0,0,0,0,0,0,0,0,0,0,0,,,,,,,,,,,,,2025/06/28,広島,0,2025RS
投,藤嶋 健人,-,0,0,0,0,0,0,0,0,0,0,0,,,,,,,,,,,,,2025/06/28,広島,0,2025RS
投,福 敬登,-,0,0,0,0,0,0,0,0,0,0,0,,,,,,,,,,,,,2025/06/28,広島,0,2025RS
打,ブライト 健太,.213,1,0,0,0,0,0,0,0,0,0,0,,,,,,,,,一直,,,,2025/06/28,広島,0,2025RS
(中),岡林 勇希,.303,2,0,0,1,0,1,0,0,0,0,0,遊直,,遊併打,,,四球,,中犠飛,,,,,2025/06/29,広島,1,2025RS
(二),田中 幹也,.183,3,0,0,0,0,0,0,0,0,0,0,二飛,,,三飛,,中飛,,,,,,,2025/06/29,広島,1,2025RS
打,ブライト 健太,.210,1,0,0,0,1,0,0,0,0,0,0,,,,,,,,見三振,,,,,2025/06/29,広島,0,2025RS
投,橋本 侑樹,-,0,0,0,0,0,0,0,0,0,0,0,,,,,,,,,,,,,2025/06/29,広島,0,2025RS
(右),上林 誠知,.268,4,0,0,0,0,0,0,0,0,0,0,遊飛,,,中飛,,中飛,,,二ゴロ,,,,2025/06/29,広島,1,2025RS
(左),細川 成也,.205,4,0,0,0,3,0,0,0,0,0,0,,三ゴロ,,空三振,,,空三振,,見三振,,,,2025/06/29,広島,1,2025RS
(一),ボスラー,.217,4,0,1,0,1,0,0,0,0,0,0,,見三振,,,捕邪飛,,右飛,,中安,,,,2025/06/29,広島,1,2025RS
走,尾田 剛樹,.000,0,0,0,0,0,0,0,0,1,0,0,,,,,,,,,,,,,2025/06/29,広島,0,2025RS
(三),佐藤 龍世,.222,4,0,0,0,0,0,0,0,0,0,0,,二ゴロ,,,左飛,,三ゴロ,,一邪飛,,,,2025/06/29,広島,1,2025RS
(遊),山本 泰寛,.244,2,1,2,0,0,1,0,0,0,0,0,,,中安,,四球,,,左安,,,,,2025/06/29,広島,1,2025RS
(捕),石伊 雄太,.225,2,0,1,0,0,0,0,0,0,0,0,,,左安,,右飛,,,,,,,,2025/06/29,広島,1,2025RS
打二,板山 祐太郎,.215,0,0,0,0,0,1,0,0,0,0,0,,,,,,,,四球,,,,,2025/06/29,広島,0,2025RS
(投),松葉 貴大,.174,1,0,0,0,0,0,0,0,0,0,0,,,投ゴロ,,,,,,,,,,2025/06/29,広島,1,2025RS
打,辻本 倫太郎,.154,1,0,0,0,0,0,0,0,0,0,0,,,,,,二ゴロ,,,,,,,2025/06/29,広島,0,2025RS
投,勝野 昌慶,-,0,0,0,0,0,0,0,0,0,0,0,,,,,,,,,,,,,2025/06/29,広島,0,2025RS
投,祖父江 大輔,-,0,0,0,0,0,0,0,0,0,0,0,,,,,,,,,,,,,2025/06/29,広島,0,2025RS
打捕,加藤 匠馬,.111,0,0,0,0,0,0,0,1,0,0,0,,,,,,,,投犠打,,,,,2025/06/29,広島,0,2025RS
(中),岡林 勇希,.299,4,0,0,0,0,0,0,0,0,0,0,一ゴロ,,中飛,,,投ゴロ,,三ゴロ,,,,,2025/07/01,DeNA,1,2025RS
(二遊),辻本 倫太郎,.125,3,0,0,0,0,0,0,0,0,0,0,三ゴロ,,遊ゴロ,,,中飛,,,,,,,2025/07/01,DeNA,1,2025RS
打,ブライト 健太,.206,1,0,0,0,1,0,0,0,0,0,0,,,,,,,,,見三振,,,,2025/07/01,DeNA,0,2025RS
(右),上林 誠知,.268,4,0,1,0,2,0,0,0,0,0,0,見三振,,二ゴロ,,,空三振,,,中安,,,,2025/07/01,DeNA,1,2025RS
(左),細川 成也,.207,4,1,1,1,1,0,0,0,0,0,1,,中本,,三邪飛,,,二ゴロ,,空三振,,,,2025/07/01,DeNA,1,2025RS
(一),ボスラー,.212,4,0,0,0,2,0,0,0,0,0,0,,左飛,,空三振,,,空三振,,右飛,,,,2025/07/01,DeNA,1,2025RS
(遊三),山本 泰寛,.239,3,0,0,0,1,0,0,0,0,0,0,,遊ゴロ,,空三振,,,二飛,,,,,,2025/07/01,DeNA,1,2025RS
(三),佐藤 龍世,.267,3,1,2,0,0,0,0,0,0,0,0,,左２,,,三ゴロ,,,右安,,,,,2025/07/01,DeNA,1,2025RS
走二,田中 幹也,.183,0,0,0,0,0,0,0,0,0,0,0,,,,,,,,,,,,,2025/07/01,DeNA,0,2025RS
(捕),石伊 雄太,.233,2,0,1,1,0,0,0,1,0,0,0,,中２,,,遊ゴロ,,,投犠打,,,,,2025/07/01,DeNA,1,2025RS
(投),金丸 夢斗,.000,2,0,0,0,2,0,0,0,0,0,0,,空三振,,,空三振,,,,,,,,2025/07/01,DeNA,1,2025RS
打,板山 祐太郎,.213,1,0,0,0,0,0,0,0,0,0,0,,,,,,,,一ゴロ,,,,,2025/07/01,DeNA,0,2025RS
投,齋藤 綱記,-,0,0,0,0,0,0,0,0,0,0,0,,,,,,,,,,,,,2025/07/01,DeNA,0,2025RS
(右),上林 誠知,.267,4,1,1,1,1,0,0,0,0,0,1,右本,,一直,,二ゴロ,,,空三振,,,,,2025/07/02,DeNA,1,2025RS
(中),岡林 勇希,.299,4,0,1,0,0,0,0,0,0,0,0,左邪飛,,投ゴロ,,,二失,,中安,,,,,2025/07/02,DeNA,1,2025RS
(三),佐藤 龍世,.235,4,0,0,0,3,0,0,0,0,0,0,空三振,,見三振,,,三併打,,空三振,,,,,2025/07/02,DeNA,1,2025RS
(左),細川 成也,.202,3,0,0,0,2,1,0,0,0,0,0,四球,,,三ゴロ,,空三振,,空三振,,,,,2025/07/02,DeNA,1,2025RS
(一),ボスラー,.219,4,2,2,1,2,0,0,0,0,0,1,空三振,,,右本,,,右２,,空三振,,,,2025/07/02,DeNA,1,2025RS
(遊),山本 泰寛,.241,3,0,1,0,0,0,0,0,0,0,0,,二ゴロ,,二飛,,,二安,,,,,,2025/07/02,DeNA,1,2025RS
打,大島 洋平,.254,1,0,1,0,0,0,0,0,0,0,0,,,,,,,,,右安,,,,2025/07/02,DeNA,0,2025RS
走,尾田 剛樹,.000,0,0,0,0,0,0,0,0,0,0,0,,,,,,,,,,,,,2025/07/02,DeNA,0,2025RS
(二),板山 祐太郎,.216,3,0,1,1,1,0,0,0,0,0,0,,中安,,見三振,,,中犠飛,,右飛,,,,2025/07/02,DeNA,1,2025RS
(捕),石伊 雄太,.224,3,0,0,0,2,0,0,0,0,0,0,,中飛,,,空三振,,見三振,,,,,,2025/07/02,DeNA,1,2025RS
打,ブライト 健太,.203,1,0,0,0,0,0,0,0,0,0,0,,,,,,,,,遊ゴロ,,,,2025/07/02,DeNA,0,2025RS
(投),髙橋 宏斗,.130,2,0,0,0,2,0,0,0,0,0,0,,見三振,,,見三振,,,,,,,,2025/07/02,DeNA,1,2025RS
打,川越 誠司,.207,1,0,0,0,0,0,0,0,0,0,0,,,,,,,中飛,,,,,,2025/07/02,DeNA,0,2025RS
投,橋本 侑樹,-,0,0,0,0,0,0,0,0,0,0,0,,,,,,,,,,,,,2025/07/02,DeNA,0,2025RS
投,藤嶋 健人,-,0,0,0,0,0,0,0,0,0,0,0,,,,,,,,,,,,,2025/07/02,DeNA,0,2025RS
(右),上林 誠知,.262,5,0,0,0,1,0,0,0,0,0,0,二ゴロ,中飛,,,二直,,右飛,,空三振,,,,2025/07/03,DeNA,1,2025RS
(二),田中 幹也,.186,4,0,1,0,0,1,0,0,0,0,0,中飛,,投ゴロ,,四球,,遊ゴロ,,右２,,,,2025/07/03,DeNA,1,2025RS
(中),岡林 勇希,.298,4,1,1,0,0,1,0,0,0,0,0,四球,,右２,,遊飛,,,二ゴロ,二ゴロ,,,,2025/07/03,DeNA,1,2025RS
(左),細川 成也,.205,3,1,1,0,2,1,0,0,0,0,0,左安,,空三振,,,空三振,,四球,,,,,2025/07/03,DeNA,1,2025RS
(一),ボスラー,.219,4,1,1,3,2,0,0,0,0,0,1,右中本,,空三振,,,空三振,,中飛,,,,,2025/07/03,DeNA,1,2025RS
(三),板山 祐太郎,.219,3,0,1,0,0,1,0,0,0,0,0,二ゴロ,,,四球,,中２,,右飛,,,,,2025/07/03,DeNA,1,2025RS
(遊),村松 開人,.190,3,0,0,0,2,0,0,0,0,0,0,,投ゴロ,,見三振,,空三振,,,,,,,2025/07/03,DeNA,1,2025RS
打,佐藤 龍世,.229,1,0,0,0,0,0,0,0,0,0,0,,,,,,,,,遊ゴロ,,,,2025/07/03,DeNA,0,2025RS
(捕),石伊 雄太,.221,1,0,0,0,0,1,0,0,0,0,0,,四球,,遊併打,,,,,,,,,2025/07/03,DeNA,1,2025RS
打,大島 洋平,.250,1,0,0,0,1,0,0,0,0,0,0,,,,,,,空三振,,,,,,2025/07/03,DeNA,0,2025RS
捕,宇佐見 真吾,.167,0,1,0,0,0,1,0,0,0,0,0,,,,,,,,,四球,,,,2025/07/03,DeNA,0,2025RS
(投),マラー,.000,2,0,0,0,1,0,0,0,0,0,0,,一邪飛,,,見三振,,,,,,,,2025/07/03,DeNA,1,2025RS
投,福 敬登,-,0,0,0,0,0,0,0,0,0,0,0,,,,,,,,,,,,,2025/07/03,DeNA,0,2025RS
打,川越 誠司,.207,0,0,0,0,0,1,0,0,0,0,0,,,,,,,四球,,,,,,2025/07/03,DeNA,0,2025RS
投,祖父江 大輔,-,0,0,0,0,0,0,0,0,0,0,0,,,,,,,,,,,,,2025/07/03,DeNA,0,2025RS
投,勝野 昌慶,-,0,0,0,0,0,0,0,0,0,0,0,,,,,,,,,,,,,2025/07/03,DeNA,0,2025RS
打,ブライト 健太,.215,1,1,1,2,0,0,0,0,0,0,1,,,,,,,,,右本,,,,2025/07/03,DeNA,0,2025RS
(中),岡林 勇希,.301,4,0,2,1,0,0,0,0,0,0,0,一ゴロ,,左安,,左安,,左飛,,,,,,2025/07/04,ヤクルト,1,2025RS
(二),田中 幹也,.188,4,0,1,0,1,0,0,0,0,0,0,左安,,三ゴロ,,見三振,,,遊ゴロ,,,,,2025/07/04,ヤクルト,1,2025RS
(右),上林 誠知,.262,4,1,1,0,0,0,0,0,0,0,0,左飛,,,中２,,三飛,,三邪飛,,,,,2025/07/04,ヤクルト,1,2025RS
(一),ボスラー,.220,4,0,1,0,1,0,0,0,0,0,0,,空三振,,二ゴロ,,一ゴロ,,右２,,,,,2025/07/04,ヤクルト,1,2025RS
(左),細川 成也,.208,3,0,1,1,0,1,0,0,0,0,0,,右飛,,投ゴロ,,中２,,四球,,,,,2025/07/04,ヤクルト,1,2025RS
走左,尾田 剛樹,.000,0,0,0,0,0,0,0,0,0,0,0,,,,,,,,,,,,,2025/07/04,ヤクルト,0,2025RS
(三),佐藤 龍世,.211,3,0,0,0,1,1,0,0,0,0,0,,遊飛,,四球,,二ゴロ,,空三振,,,,,2025/07/04,ヤクルト,1,2025RS
(遊),山本 泰寛,.237,2,0,0,0,1,1,0,0,0,0,0,,,見三振,一邪飛,,,四球,,,,,,2025/07/04,ヤクルト,1,2025RS
(捕),石伊 雄太,.228,2,1,1,0,0,0,0,1,0,0,0,,,遊安,,三ゴロ,,一犠打,,,,,,2025/07/04,ヤクルト,1,2025RS
(投),大野 雄大,.000,2,0,0,0,1,0,0,1,0,0,0,,,投犠打,,空三振,,二ゴロ,,,,,,2025/07/04,ヤクルト,1,2025RS
投,清水 達也,-,0,0,0,0,0,0,0,0,0,0,0,,,,,,,,,,,,,2025/07/04,ヤクルト,0,2025RS
(中),岡林 勇希,.304,6,2,3,0,1,0,0,0,0,0,0,右安,,左飛,,中安,空三振,,中安,,,左飛,,2025/07/05,ヤクルト,1,2025RS
(二),田中 幹也,.189,5,1,1,0,0,0,0,1,0,0,0,投犠打,,二飛,,中安,,遊ゴロ,三併打,,,右飛,,2025/07/05,ヤクルト,1,2025RS
(右),上林 誠知,.264,6,1,2,2,1,0,0,0,1,0,0,遊ゴロ,,左飛,,右３,,右安,,空三振,,二ゴロ,,2025/07/05,ヤクルト,1,2025RS
(一),ボスラー,.226,4,0,2,1,0,2,0,0,0,0,0,四球,,,二ゴロ,四球,,右２,,二飛,,,左安,2025/07/05,ヤクルト,1,2025RS
(左),細川 成也,.217,4,0,2,1,1,0,0,0,0,0,0,左安,,,左安,三ゴロ,,空三振,,,,,,2025/07/05,ヤクルト,1,2025RS
左,尾田 剛樹,.000,1,0,0,0,1,0,0,0,0,0,0,,,,,,,,,空三振,,,,2025/07/05,ヤクルト,0,2025RS
打,村松 開人,.189,1,0,0,0,0,0,0,0,0,0,0,,,,,,,,,,,,中飛,2025/07/05,ヤクルト,0,2025RS
(三),佐藤 龍世,.205,6,0,1,0,4,0,0,0,0,1,0,空三振,,,左安,三併打,,空三振,,,空三振,,空三振,2025/07/05,ヤクルト,1,2025RS
(遊),山本 泰寛,.241,6,0,2,0,0,0,0,0,0,0,0,,右飛,,遊ゴロ,,左安,,中飛,,右２,,遊ゴロ,2025/07/05,ヤクルト,1,2025RS
(捕),宇佐見 真吾,.160,1,0,0,0,0,1,0,0,0,0,0,,三ゴロ,,故意四,,,,,,,,,2025/07/05,ヤクルト,1,2025RS
打捕,加藤 匠馬,.143,3,0,1,0,0,0,0,0,0,0,0,,,,,,一邪飛,,左安,,右飛,,,2025/07/05,ヤクルト,0,2025RS
(投),涌井 秀章,.100,1,0,0,0,1,0,0,0,0,0,0,,見三振,,,,,,,,,,,2025/07/05,ヤクルト,1,2025RS
打,ブライト 健太,.212,1,0,0,0,0,0,0,0,0,0,0,,,,右飛,,,,,,,,,2025/07/05,ヤクルト,0,2025RS
投,福 敬登,-,0,0,0,0,0,0,0,0,0,0,0,,,,,,,,,,,,,2025/07/05,ヤクルト,0,2025RS
投,齋藤 綱記,-,0,0,0,0,0,0,0,0,0,0,0,,,,,,,,,,,,,2025/07/05,ヤクルト,0,2025RS
投,藤嶋 健人,-,0,0,0,0,0,0,0,0,0,0,0,,,,,,,,,,,,,2025/07/05,ヤクルト,0,2025RS
打,大島 洋平,.246,1,0,0,0,0,0,0,0,0,0,0,,,,,,中飛,,,,,,,2025/07/05,ヤクルト,0,2025RS
投,マルテ,-,0,0,0,0,0,0,0,0,0,0,0,,,,,,,,,,,,,2025/07/05,ヤクルト,0,2025RS
投,橋本 侑樹,-,0,0,0,0,0,0,0,0,0,0,0,,,,,,,,,,,,,2025/07/05,ヤクルト,0,2025RS
打,川越 誠司,.233,1,0,1,0,0,0,0,0,0,0,0,,,,,,,,右安,,,,,2025/07/05,ヤクルト,0,2025RS
投,清水 達也,-,0,0,0,0,0,0,0,0,0,0,0,,,,,,,,,,,,,2025/07/05,ヤクルト,0,2025RS
打,板山 祐太郎,.217,1,0,0,0,1,0,0,0,0,0,0,,,,,,,,,,空三振,,,2025/07/05,ヤクルト,0,2025RS
投,勝野 昌慶,-,0,0,0,0,0,0,0,0,0,0,0,,,,,,,,,,,,,2025/07/05,ヤクルト,0,2025RS
(中),岡林 勇希,.302,3,0,0,1,1,1,1,0,0,0,0,中飛,死球,,四球,,二ゴロ,,,空三振,,,,2025/07/06,ヤクルト,1,2025RS
(二),辻本 倫太郎,.100,4,0,0,0,1,0,0,0,0,0,0,三直,中飛,,右飛,,空三振,,,,,,,2025/07/06,ヤクルト,1,2025RS
打,村松 開人,.188,1,0,0,0,1,0,0,0,0,0,0,,,,,,,,,空三振,,,,2025/07/06,ヤクルト,0,2025RS
(右),上林 誠知,.266,5,1,2,0,0,0,0,0,0,0,0,二ゴロ,,三飛,,右安,,左飛,,右安,,,,2025/07/06,ヤクルト,1,2025RS
(一),ボスラー,.221,4,1,0,0,0,1,0,0,0,0,0,,右飛,一ゴロ,,四球,,二ゴロ,,右飛,,,,2025/07/06,ヤクルト,1,2025RS
(左),細川 成也,.220,3,0,1,1,1,1,0,0,0,0,0,,空三振,四球,,中２,,遊ゴロ,,,,,,2025/07/06,ヤクルト,1,2025RS
(遊),山本 泰寛,.243,3,1,1,1,0,1,0,0,0,0,0,,四球,右邪飛,,遊ゴロ,,,中安,,,,,2025/07/06,ヤクルト,1,2025RS
(三),板山 祐太郎,.220,3,1,1,0,1,0,0,1,0,0,0,,右安,,空三振,中飛,,,一犠打,,,,,2025/07/06,ヤクルト,1,2025RS
(捕),石伊 雄太,.244,3,0,2,1,1,0,0,0,0,0,0,,投安,,右安,空三振,,,,,,,,2025/07/06,ヤクルト,1,2025RS
打,大島 洋平,.242,1,0,0,0,1,0,0,0,0,0,0,,,,,,,,空三振,,,,,2025/07/06,ヤクルト,0,2025RS
捕,加藤 匠馬,.143,0,0,0,0,0,0,0,0,0,0,0,,,,,,,,,,,,,2025/07/06,ヤクルト,0,2025RS
(投),松葉 貴大,.174,0,0,0,0,0,1,0,1,0,0,0,,四球,,一犠打,,,,,,,,,2025/07/06,ヤクルト,1,2025RS
打,川越 誠司,.226,1,0,0,0,1,0,0,0,0,0,0,,,,,,空三振,,,,,,,2025/07/06,ヤクルト,0,2025RS
投,マルテ,-,0,0,0,0,0,0,0,0,0,0,0,,,,,,,,,,,,,2025/07/06,ヤクルト,0,2025RS
投,祖父江 大輔,-,0,0,0,0,0,0,0,0,0,0,0,,,,,,,,,,,,,2025/07/06,ヤクルト,0,2025RS
打,ブライト 健太,.209,1,0,0,0,1,0,0,0,0,0,0,,,,,,,,空三振,,,,,2025/07/06,ヤクルト,0,2025RS
投,橋本 侑樹,-,0,0,0,0,0,0,0,0,0,0,0,,,,,,,,,,,,,2025/07/06,ヤクルト,0,2025RS
(中),岡林 勇希,.301,4,0,1,0,1,1,0,0,0,0,0,左安,,二ゴロ,,二飛,,,空三振,四球,,,,2025/07/08,巨人,1,2025RS
(遊),村松 開人,.182,4,0,0,1,0,0,0,0,0,0,0,二直,,二ゴロ,,,二ゴロ,,二ゴロ,右犠飛,,,,2025/07/08,巨人,1,2025RS
(右),上林 誠知,.265,5,1,1,1,0,0,0,0,0,0,1,二ゴロ,,一ゴロ,,,左飛,,右本,中飛,,,,2025/07/08,巨人,1,2025RS
(一),ボスラー,.227,4,0,2,0,0,0,0,0,0,0,0,右飛,,,左飛,,左２,,右安,,,,,2025/07/08,巨人,1,2025RS
(左),細川 成也,.230,3,1,2,1,1,1,0,0,0,0,1,,左本,,空三振,,故意四,,投安,,,,,2025/07/08,巨人,1,2025RS
(二三),山本 泰寛,.237,4,0,0,0,1,0,0,0,0,0,0,,遊ゴロ,,空三振,,中飛,,一邪飛,,,,,2025/07/08,巨人,1,2025RS
(三),佐藤 龍世,.196,2,0,0,0,2,0,0,0,0,0,0,,空三振,,,空三振,,,,,,,,2025/07/08,巨人,1,2025RS
打三,板山 祐太郎,.218,1,0,0,0,0,0,0,0,0,0,0,,,,,,,一ゴロ,,,,,,2025/07/08,巨人,0,2025RS
打二,田中 幹也,.189,0,1,0,0,0,1,0,0,0,0,0,,,,,,,,,四球,,,,2025/07/08,巨人,0,2025RS
(捕),石伊 雄太,.259,3,1,2,1,1,1,0,0,0,0,1,,中安,,,左本,,空三振,,四球,,,,2025/07/08,巨人,1,2025RS
(投),金丸 夢斗,.000,3,0,0,0,1,0,0,0,0,0,0,,遊ゴロ,,,遊ゴロ,,空三振,,,,,,2025/07/08,巨人,1,2025RS
投,藤嶋 健人,-,0,0,0,0,0,0,0,0,0,0,0,,,,,,,,,,,,,2025/07/08,巨人,0,2025RS
打,石橋 康太,.143,1,0,0,0,0,0,0,0,0,0,0,,,,,,,,,捕飛,,,,2025/07/08,巨人,0,2025RS
投,清水 達也,-,0,0,0,0,0,0,0,0,0,0,0,,,,,,,,,,,,,2025/07/08,巨人,0,2025RS
